x,DLIR,x,BNST,x,FIFO,x,OYST,x,PARALLEL
1.0,0.0,1.0,0.0,1.0,0.0,1.0,0.0,1.0,0.0
1.1,0.316,1.1,0.531,1.1,0.513,1.1,0.312,1.1,0.996
1.2,0.319,1.2,0.531,1.2,0.513,1.2,0.312,1.2,0.996
1.3,0.319,1.3,0.532,1.3,0.514,1.3,0.313,1.3,0.997
1.4,0.319,1.4,0.533,1.4,0.515,1.4,0.313,1.4,0.997
1.5,0.321,1.5,0.536,1.5,0.515,1.5,0.314,1.5,0.997
1.6,0.324,1.6,0.537,1.6,0.515,1.6,0.316,1.6,0.997
1.7,0.324,1.7,0.54,1.7,0.515,1.7,0.317,1.7,0.997
1.8,0.324,1.8,0.541,1.8,0.518,1.8,0.318,1.8,0.997
1.9,0.324,1.9,0.541,1.9,0.519,1.9,0.318,1.9,0.997
2.0,0.327,2.0,0.541,2.0,0.521,2.0,0.319,2.0,0.997
2.1,0.33,2.1,0.542,2.1,0.521,2.1,0.32,2.1,0.997
2.2,0.331,2.2,0.543,2.2,0.523,2.2,0.322,2.2,0.998
2.3,0.332,2.3,0.545,2.3,0.524,2.3,0.324,2.3,0.998
2.4,0.333,2.4,0.545,2.4,0.525,2.4,0.325,2.4,0.998
2.5,0.335,2.5,0.545,2.5,0.527,2.5,0.328,2.5,0.998
2.6,0.337,2.6,0.545,2.6,0.529,2.6,0.331,2.6,0.998
2.7,0.339,2.7,0.546,2.7,0.53,2.7,0.336,2.7,0.998
2.8,0.34,2.8,0.549,2.8,0.531,2.8,0.336,2.8,0.998
2.9,0.343,2.9,0.551,2.9,0.532,2.9,0.338,2.9,0.998
3.0,0.346,3.0,0.552,3.0,0.534,3.0,0.34,3.0,0.998
3.1,0.349,3.1,0.553,3.1,0.536,3.1,0.34,3.1,0.998
3.2,0.352,3.2,0.554,3.2,0.537,3.2,0.342,3.2,0.999
3.3,0.355,3.3,0.554,3.3,0.537,3.3,0.345,3.3,0.999
3.4,0.356,3.4,0.556,3.4,0.538,3.4,0.348,3.4,0.999
3.5,0.356,3.5,0.557,3.5,0.54,3.5,0.349,3.5,0.999
3.6,0.359,3.6,0.558,3.6,0.544,3.6,0.35,3.6,0.999
3.7,0.362,3.7,0.56,3.7,0.547,3.7,0.354,3.7,0.999
3.8,0.364,3.8,0.56,3.8,0.552,3.8,0.356,3.8,0.999
3.9,0.368,3.9,0.563,3.9,0.554,3.9,0.36,3.9,0.999
4.0,0.368,4.0,0.564,4.0,0.556,4.0,0.363,4.0,0.999
4.1,0.37,4.1,0.567,4.1,0.559,4.1,0.369,4.1,1.0
4.2,0.373,4.2,0.569,4.2,0.562,4.2,0.374,4.2,1.0
4.3,0.38,4.3,0.577,4.3,0.563,4.3,0.378,4.3,1.0
4.4,0.383,4.4,0.579,4.4,0.566,4.4,0.379,4.4,1.0
4.5,0.385,4.5,0.579,4.5,0.566,4.5,0.382,4.5,1.0
4.6,0.389,4.6,0.582,4.6,0.568,4.6,0.388,4.6,1.0
4.7,0.39,4.7,0.592,4.7,0.571,4.7,0.39,4.7,1.0
4.8,0.393,4.8,0.596,4.8,0.573,4.8,0.393,4.8,1.0
4.9,0.401,4.9,0.597,4.9,0.573,4.9,0.399,4.9,1.0
5.0,0.402,5.0,0.598,5.0,0.574,5.0,0.404,5.0,1.0
5.1,0.405,5.1,0.6,5.1,0.577,5.1,0.408,5.1,1.0
5.2,0.413,5.2,0.602,5.2,0.578,5.2,0.41,5.2,1.0
5.3,0.414,5.3,0.603,5.3,0.579,5.3,0.412,5.3,1.0
5.4,0.416,5.4,0.604,5.4,0.58,5.4,0.415,5.4,1.0
5.5,0.418,5.5,0.607,5.5,0.583,5.5,0.42,5.5,1.0
5.6,0.42,5.6,0.61,5.6,0.584,5.6,0.42,5.6,1.0
5.7,0.424,5.7,0.612,5.7,0.589,5.7,0.422,5.7,1.0
5.8,0.427,5.8,0.612,5.8,0.592,5.8,0.426,5.8,1.0
5.9,0.432,5.9,0.615,5.9,0.594,5.9,0.428,5.9,1.0
6.0,0.434,6.0,0.618,6.0,0.596,6.0,0.432,6.0,1.0
6.1,0.436,6.1,0.62,6.1,0.598,6.1,0.435,6.1,1.0
6.2,0.438,6.2,0.623,6.2,0.6,6.2,0.437,6.2,1.0
6.3,0.439,6.3,0.626,6.3,0.602,6.3,0.438,6.3,1.0
6.4,0.443,6.4,0.63,6.4,0.602,6.4,0.44,6.4,1.0
6.5,0.445,6.5,0.635,6.5,0.607,6.5,0.446,6.5,1.0
6.6,0.448,6.6,0.641,6.6,0.611,6.6,0.449,6.6,1.0
6.7,0.452,6.7,0.649,6.7,0.614,6.7,0.449,6.7,1.0
6.8,0.457,6.8,0.651,6.8,0.619,6.8,0.451,6.8,1.0
6.9,0.46,6.9,0.652,6.9,0.622,6.9,0.452,6.9,1.0
7.0,0.461,7.0,0.653,7.0,0.625,7.0,0.455,7.0,1.0
7.1,0.466,7.1,0.654,7.1,0.629,7.1,0.459,7.1,1.0
7.2,0.47,7.2,0.655,7.2,0.632,7.2,0.465,7.2,1.0
7.3,0.475,7.3,0.655,7.3,0.635,7.3,0.468,7.3,1.0
7.4,0.479,7.4,0.656,7.4,0.636,7.4,0.474,7.4,1.0
7.5,0.485,7.5,0.658,7.5,0.637,7.5,0.478,7.5,1.0
7.6,0.49,7.6,0.66,7.6,0.637,7.6,0.486,7.6,1.0
7.7,0.499,7.7,0.663,7.7,0.638,7.7,0.493,7.7,1.0
7.8,0.504,7.8,0.664,7.8,0.639,7.8,0.499,7.8,1.0
7.9,0.511,7.9,0.665,7.9,0.64,7.9,0.509,7.9,1.0
8.0,0.513,8.0,0.666,8.0,0.641,8.0,0.516,8.0,1.0
8.1,0.515,8.1,0.669,8.1,0.645,8.1,0.528,8.1,1.0
8.2,0.519,8.2,0.671,8.2,0.649,8.2,0.529,8.2,1.0
8.3,0.519,8.3,0.672,8.3,0.65,8.3,0.537,8.3,1.0
8.4,0.524,8.4,0.677,8.4,0.651,8.4,0.544,8.4,1.0
8.5,0.531,8.5,0.679,8.5,0.653,8.5,0.552,8.5,1.0
8.6,0.539,8.6,0.681,8.6,0.654,8.6,0.559,8.6,1.0
8.7,0.54,8.7,0.684,8.7,0.661,8.7,0.565,8.7,1.0
8.8,0.542,8.8,0.687,8.8,0.663,8.8,0.568,8.8,1.0
8.9,0.546,8.9,0.687,8.9,0.664,8.9,0.575,8.9,1.0
9.0,0.55,9.0,0.688,9.0,0.665,9.0,0.586,9.0,1.0
9.1,0.557,9.1,0.688,9.1,0.668,9.1,0.589,9.1,1.0
9.2,0.562,9.2,0.689,9.2,0.67,9.2,0.597,9.2,1.0
9.3,0.565,9.3,0.691,9.3,0.67,9.3,0.605,9.3,1.0
9.4,0.573,9.4,0.691,9.4,0.671,9.4,0.607,9.4,1.0
9.5,0.581,9.5,0.694,9.5,0.672,9.5,0.608,9.5,1.0
9.6,0.582,9.6,0.695,9.6,0.672,9.6,0.61,9.6,1.0
9.7,0.585,9.7,0.696,9.7,0.672,9.7,0.612,9.7,1.0
9.8,0.591,9.8,0.697,9.8,0.675,9.8,0.614,9.8,1.0
9.9,0.595,9.9,0.7,9.9,0.677,9.9,0.619,9.9,1.0
10.0,0.595,10.0,0.702,10.0,0.678,10.0,0.621,10.0,1.0
10.1,0.598,10.1,0.709,10.1,0.681,10.1,0.625,10.1,1.0
10.2,0.604,10.2,0.712,10.2,0.681,10.2,0.629,10.2,1.0
10.3,0.609,10.3,0.717,10.3,0.685,10.3,0.635,10.3,1.0
10.4,0.612,10.4,0.717,10.4,0.688,10.4,0.64,10.4,1.0
10.5,0.615,10.5,0.718,10.5,0.69,10.5,0.647,10.5,1.0
10.6,0.615,10.6,0.719,10.6,0.69,10.6,0.65,10.6,1.0
10.7,0.618,10.7,0.722,10.7,0.691,10.7,0.654,10.7,1.0
10.8,0.619,10.8,0.725,10.8,0.692,10.8,0.657,10.8,1.0
10.9,0.622,10.9,0.726,10.9,0.693,10.9,0.66,10.9,1.0
11.0,0.626,11.0,0.728,11.0,0.694,11.0,0.66,11.0,1.0
11.1,0.628,11.1,0.73,11.1,0.694,11.1,0.663,11.1,1.0
11.2,0.63,11.2,0.732,11.2,0.696,11.2,0.669,11.2,1.0
11.3,0.63,11.3,0.733,11.3,0.698,11.3,0.672,11.3,1.0
11.4,0.634,11.4,0.733,11.4,0.699,11.4,0.672,11.4,1.0
11.5,0.638,11.5,0.734,11.5,0.699,11.5,0.674,11.5,1.0
11.6,0.641,11.6,0.735,11.6,0.7,11.6,0.676,11.6,1.0
11.7,0.642,11.7,0.736,11.7,0.701,11.7,0.679,11.7,1.0
11.8,0.643,11.8,0.736,11.8,0.701,11.8,0.682,11.8,1.0
11.9,0.645,11.9,0.737,11.9,0.703,11.9,0.682,11.9,1.0
12.0,0.646,12.0,0.74,12.0,0.706,12.0,0.685,12.0,1.0
12.1,0.649,12.1,0.74,12.1,0.707,12.1,0.687,12.1,1.0
12.2,0.651,12.2,0.742,12.2,0.707,12.2,0.689,12.2,1.0
12.3,0.653,12.3,0.744,12.3,0.707,12.3,0.689,12.3,1.0
12.4,0.654,12.4,0.745,12.4,0.707,12.4,0.693,12.4,1.0
12.5,0.655,12.5,0.746,12.5,0.708,12.5,0.696,12.5,1.0
12.6,0.657,12.6,0.746,12.6,0.71,12.6,0.702,12.6,1.0
12.7,0.659,12.7,0.748,12.7,0.712,12.7,0.704,12.7,1.0
12.8,0.665,12.8,0.748,12.8,0.713,12.8,0.705,12.8,1.0
12.9,0.667,12.9,0.749,12.9,0.714,12.9,0.705,12.9,1.0
13.0,0.668,13.0,0.75,13.0,0.715,13.0,0.708,13.0,1.0
13.1,0.671,13.1,0.751,13.1,0.716,13.1,0.71,13.1,1.0
13.2,0.676,13.2,0.753,13.2,0.718,13.2,0.715,13.2,1.0
13.3,0.677,13.3,0.753,13.3,0.718,13.3,0.719,13.3,1.0
13.4,0.679,13.4,0.754,13.4,0.719,13.4,0.72,13.4,1.0
13.5,0.682,13.5,0.754,13.5,0.721,13.5,0.723,13.5,1.0
13.6,0.685,13.6,0.755,13.6,0.721,13.6,0.725,13.6,1.0
13.7,0.687,13.7,0.757,13.7,0.721,13.7,0.726,13.7,1.0
13.8,0.692,13.8,0.757,13.8,0.723,13.8,0.728,13.8,1.0
13.9,0.696,13.9,0.758,13.9,0.723,13.9,0.731,13.9,1.0
14.0,0.698,14.0,0.764,14.0,0.724,14.0,0.732,14.0,1.0
14.1,0.7,14.1,0.769,14.1,0.725,14.1,0.733,14.1,1.0
14.2,0.703,14.2,0.769,14.2,0.727,14.2,0.734,14.2,1.0
14.3,0.705,14.3,0.77,14.3,0.728,14.3,0.736,14.3,1.0
14.4,0.705,14.4,0.77,14.4,0.729,14.4,0.741,14.4,1.0
14.5,0.707,14.5,0.773,14.5,0.731,14.5,0.743,14.5,1.0
14.6,0.71,14.6,0.776,14.6,0.733,14.6,0.745,14.6,1.0
14.7,0.713,14.7,0.777,14.7,0.734,14.7,0.746,14.7,1.0
14.8,0.718,14.8,0.778,14.8,0.741,14.8,0.749,14.8,1.0
14.9,0.722,14.9,0.78,14.9,0.742,14.9,0.754,14.9,1.0
15.0,0.724,15.0,0.782,15.0,0.744,15.0,0.758,15.0,1.0
15.1,0.728,15.1,0.784,15.1,0.745,15.1,0.76,15.1,1.0
15.2,0.731,15.2,0.784,15.2,0.746,15.2,0.762,15.2,1.0
15.3,0.735,15.3,0.784,15.3,0.747,15.3,0.765,15.3,1.0
15.4,0.738,15.4,0.785,15.4,0.748,15.4,0.769,15.4,1.0
15.5,0.74,15.5,0.785,15.5,0.75,15.5,0.769,15.5,1.0
15.6,0.745,15.6,0.788,15.6,0.753,15.6,0.77,15.6,1.0
15.7,0.746,15.7,0.789,15.7,0.755,15.7,0.772,15.7,1.0
15.8,0.752,15.8,0.79,15.8,0.755,15.8,0.776,15.8,1.0
15.9,0.755,15.9,0.79,15.9,0.756,15.9,0.78,15.9,1.0
16.0,0.756,16.0,0.793,16.0,0.757,16.0,0.783,16.0,1.0
16.1,0.758,16.1,0.795,16.1,0.757,16.1,0.783,16.1,1.0
16.2,0.76,16.2,0.796,16.2,0.759,16.2,0.785,16.2,1.0
16.3,0.76,16.3,0.799,16.3,0.761,16.3,0.787,16.3,1.0
16.4,0.761,16.4,0.802,16.4,0.761,16.4,0.789,16.4,1.0
16.5,0.762,16.5,0.803,16.5,0.763,16.5,0.79,16.5,1.0
16.6,0.764,16.6,0.803,16.6,0.764,16.6,0.79,16.6,1.0
16.7,0.767,16.7,0.807,16.7,0.764,16.7,0.791,16.7,1.0
16.8,0.768,16.8,0.809,16.8,0.766,16.8,0.793,16.8,1.0
16.9,0.772,16.9,0.81,16.9,0.767,16.9,0.794,16.9,1.0
17.0,0.774,17.0,0.81,17.0,0.772,17.0,0.798,17.0,1.0
17.1,0.777,17.1,0.81,17.1,0.773,17.1,0.799,17.1,1.0
17.2,0.777,17.2,0.81,17.2,0.773,17.2,0.801,17.2,1.0
17.3,0.781,17.3,0.813,17.3,0.773,17.3,0.803,17.3,1.0
17.4,0.782,17.4,0.815,17.4,0.774,17.4,0.806,17.4,1.0
17.5,0.784,17.5,0.816,17.5,0.775,17.5,0.81,17.5,1.0
17.6,0.788,17.6,0.816,17.6,0.777,17.6,0.812,17.6,1.0
17.7,0.79,17.7,0.816,17.7,0.777,17.7,0.814,17.7,1.0
17.8,0.792,17.8,0.816,17.8,0.779,17.8,0.819,17.8,1.0
17.9,0.794,17.9,0.816,17.9,0.78,17.9,0.824,17.9,1.0
18.0,0.799,18.0,0.819,18.0,0.781,18.0,0.829,18.0,1.0
18.1,0.802,18.1,0.819,18.1,0.782,18.1,0.831,18.1,1.0
18.2,0.805,18.2,0.82,18.2,0.783,18.2,0.832,18.2,1.0
18.3,0.809,18.3,0.822,18.3,0.783,18.3,0.834,18.3,1.0
18.4,0.811,18.4,0.823,18.4,0.785,18.4,0.84,18.4,1.0
18.5,0.814,18.5,0.824,18.5,0.786,18.5,0.843,18.5,1.0
18.6,0.817,18.6,0.824,18.6,0.788,18.6,0.845,18.6,1.0
18.7,0.819,18.7,0.827,18.7,0.79,18.7,0.845,18.7,1.0
18.8,0.823,18.8,0.828,18.8,0.79,18.8,0.847,18.8,1.0
18.9,0.828,18.9,0.829,18.9,0.794,18.9,0.849,18.9,1.0
19.0,0.83,19.0,0.829,19.0,0.796,19.0,0.851,19.0,1.0
19.1,0.834,19.1,0.829,19.1,0.797,19.1,0.854,19.1,1.0
19.2,0.836,19.2,0.83,19.2,0.8,19.2,0.856,19.2,1.0
19.3,0.841,19.3,0.833,19.3,0.804,19.3,0.859,19.3,1.0
19.4,0.843,19.4,0.834,19.4,0.806,19.4,0.86,19.4,1.0
19.5,0.845,19.5,0.836,19.5,0.809,19.5,0.86,19.5,1.0
19.6,0.849,19.6,0.837,19.6,0.81,19.6,0.863,19.6,1.0
19.7,0.851,19.7,0.837,19.7,0.811,19.7,0.863,19.7,1.0
19.8,0.851,19.8,0.837,19.8,0.811,19.8,0.865,19.8,1.0
19.9,0.851,19.9,0.839,19.9,0.811,19.9,0.869,19.9,1.0
20.0,0.852,20.0,0.84,20.0,0.812,20.0,0.87,20.0,1.0
20.1,0.855,20.1,0.843,20.1,0.812,20.1,0.87,20.1,1.0
20.2,0.855,20.2,0.844,20.2,0.814,20.2,0.87,20.2,1.0
20.3,0.855,20.3,0.844,20.3,0.817,20.3,0.873,20.3,1.0
20.4,0.857,20.4,0.845,20.4,0.818,20.4,0.874,20.4,1.0
20.5,0.86,20.5,0.845,20.5,0.819,20.5,0.875,20.5,1.0
20.6,0.861,20.6,0.847,20.6,0.819,20.6,0.875,20.6,1.0
20.7,0.861,20.7,0.848,20.7,0.82,20.7,0.875,20.7,1.0
20.8,0.865,20.8,0.849,20.8,0.822,20.8,0.876,20.8,1.0
20.9,0.867,20.9,0.851,20.9,0.822,20.9,0.878,20.9,1.0
21.0,0.867,21.0,0.851,21.0,0.822,21.0,0.88,21.0,1.0
21.1,0.867,21.1,0.852,21.1,0.823,21.1,0.881,21.1,1.0
21.2,0.868,21.2,0.854,21.2,0.823,21.2,0.882,21.2,1.0
21.3,0.869,21.3,0.855,21.3,0.824,21.3,0.883,21.3,1.0
21.4,0.87,21.4,0.856,21.4,0.824,21.4,0.885,21.4,1.0
21.5,0.87,21.5,0.857,21.5,0.826,21.5,0.886,21.5,1.0
21.6,0.871,21.6,0.857,21.6,0.827,21.6,0.886,21.6,1.0
21.7,0.871,21.7,0.857,21.7,0.827,21.7,0.886,21.7,1.0
21.8,0.871,21.8,0.858,21.8,0.828,21.8,0.887,21.8,1.0
21.9,0.871,21.9,0.859,21.9,0.828,21.9,0.887,21.9,1.0
22.0,0.872,22.0,0.859,22.0,0.829,22.0,0.888,22.0,1.0
22.1,0.873,22.1,0.859,22.1,0.829,22.1,0.889,22.1,1.0
22.2,0.873,22.2,0.859,22.2,0.83,22.2,0.89,22.2,1.0
22.3,0.873,22.3,0.86,22.3,0.832,22.3,0.89,22.3,1.0
22.4,0.874,22.4,0.861,22.4,0.832,22.4,0.891,22.4,1.0
22.5,0.876,22.5,0.862,22.5,0.832,22.5,0.892,22.5,1.0
22.6,0.876,22.6,0.862,22.6,0.832,22.6,0.893,22.6,1.0
22.7,0.877,22.7,0.863,22.7,0.833,22.7,0.893,22.7,1.0
22.8,0.877,22.8,0.866,22.8,0.834,22.8,0.893,22.8,1.0
22.9,0.879,22.9,0.866,22.9,0.834,22.9,0.896,22.9,1.0
23.0,0.88,23.0,0.867,23.0,0.835,23.0,0.896,23.0,1.0
23.1,0.88,23.1,0.868,23.1,0.836,23.1,0.896,23.1,1.0
23.2,0.88,23.2,0.868,23.2,0.837,23.2,0.896,23.2,1.0
23.3,0.881,23.3,0.869,23.3,0.837,23.3,0.896,23.3,1.0
23.4,0.881,23.4,0.869,23.4,0.838,23.4,0.896,23.4,1.0
23.5,0.881,23.5,0.869,23.5,0.838,23.5,0.897,23.5,1.0
23.6,0.881,23.6,0.869,23.6,0.84,23.6,0.897,23.6,1.0
23.7,0.883,23.7,0.87,23.7,0.84,23.7,0.897,23.7,1.0
23.8,0.885,23.8,0.87,23.8,0.84,23.8,0.897,23.8,1.0
23.9,0.886,23.9,0.87,23.9,0.842,23.9,0.897,23.9,1.0
24.0,0.888,24.0,0.87,24.0,0.842,24.0,0.898,24.0,1.0
24.1,0.89,24.1,0.871,24.1,0.842,24.1,0.899,24.1,1.0
24.2,0.891,24.2,0.873,24.2,0.842,24.2,0.899,24.2,1.0
24.3,0.891,24.3,0.875,24.3,0.842,24.3,0.899,24.3,1.0
24.4,0.892,24.4,0.875,24.4,0.842,24.4,0.901,24.4,1.0
24.5,0.892,24.5,0.878,24.5,0.842,24.5,0.902,24.5,1.0
24.6,0.893,24.6,0.878,24.6,0.843,24.6,0.902,24.6,1.0
24.7,0.895,24.7,0.878,24.7,0.843,24.7,0.902,24.7,1.0
24.8,0.895,24.8,0.879,24.8,0.844,24.8,0.903,24.8,1.0
24.9,0.897,24.9,0.879,24.9,0.844,24.9,0.905,24.9,1.0
25.0,0.899,25.0,0.88,25.0,0.844,25.0,0.906,25.0,1.0
25.1,0.901,25.1,0.88,25.1,0.846,25.1,0.907,25.1,1.0
25.2,0.901,25.2,0.881,25.2,0.847,25.2,0.907,25.2,1.0
25.3,0.902,25.3,0.882,25.3,0.849,25.3,0.908,25.3,1.0
25.4,0.903,25.4,0.882,25.4,0.849,25.4,0.908,25.4,1.0
25.5,0.903,25.5,0.883,25.5,0.849,25.5,0.909,25.5,1.0
25.6,0.904,25.6,0.883,25.6,0.85,25.6,0.909,25.6,1.0
25.7,0.904,25.7,0.884,25.7,0.851,25.7,0.909,25.7,1.0
25.8,0.905,25.8,0.884,25.8,0.851,25.8,0.909,25.8,1.0
25.9,0.905,25.9,0.884,25.9,0.851,25.9,0.91,25.9,1.0
26.0,0.905,26.0,0.885,26.0,0.852,26.0,0.91,26.0,1.0
26.1,0.906,26.1,0.885,26.1,0.854,26.1,0.91,26.1,1.0
26.2,0.908,26.2,0.887,26.2,0.854,26.2,0.911,26.2,1.0
26.3,0.909,26.3,0.887,26.3,0.854,26.3,0.913,26.3,1.0
26.4,0.909,26.4,0.888,26.4,0.854,26.4,0.914,26.4,1.0
26.5,0.91,26.5,0.89,26.5,0.854,26.5,0.914,26.5,1.0
26.6,0.91,26.6,0.891,26.6,0.854,26.6,0.915,26.6,1.0
26.7,0.91,26.7,0.892,26.7,0.855,26.7,0.916,26.7,1.0
26.8,0.91,26.8,0.892,26.8,0.857,26.8,0.917,26.8,1.0
26.9,0.911,26.9,0.892,26.9,0.857,26.9,0.918,26.9,1.0
27.0,0.912,27.0,0.894,27.0,0.858,27.0,0.918,27.0,1.0
27.1,0.913,27.1,0.895,27.1,0.859,27.1,0.919,27.1,1.0
27.2,0.913,27.2,0.896,27.2,0.859,27.2,0.919,27.2,1.0
27.3,0.913,27.3,0.896,27.3,0.86,27.3,0.919,27.3,1.0
27.4,0.913,27.4,0.897,27.4,0.862,27.4,0.919,27.4,1.0
27.5,0.913,27.5,0.898,27.5,0.863,27.5,0.919,27.5,1.0
27.6,0.913,27.6,0.898,27.6,0.863,27.6,0.919,27.6,1.0
27.7,0.914,27.7,0.898,27.7,0.864,27.7,0.919,27.7,1.0
27.8,0.916,27.8,0.899,27.8,0.864,27.8,0.919,27.8,1.0
27.9,0.916,27.9,0.899,27.9,0.865,27.9,0.921,27.9,1.0
28.0,0.916,28.0,0.899,28.0,0.865,28.0,0.922,28.0,1.0
28.1,0.916,28.1,0.899,28.1,0.865,28.1,0.922,28.1,1.0
28.2,0.916,28.2,0.899,28.2,0.866,28.2,0.922,28.2,1.0
28.3,0.916,28.3,0.9,28.3,0.866,28.3,0.922,28.3,1.0
28.4,0.916,28.4,0.9,28.4,0.867,28.4,0.922,28.4,1.0
28.5,0.916,28.5,0.9,28.5,0.868,28.5,0.923,28.5,1.0
28.6,0.917,28.6,0.903,28.6,0.868,28.6,0.925,28.6,1.0
28.7,0.917,28.7,0.904,28.7,0.869,28.7,0.926,28.7,1.0
28.8,0.918,28.8,0.904,28.8,0.869,28.8,0.926,28.8,1.0
28.9,0.918,28.9,0.904,28.9,0.87,28.9,0.926,28.9,1.0
29.0,0.918,29.0,0.905,29.0,0.87,29.0,0.926,29.0,1.0
29.1,0.921,29.1,0.906,29.1,0.87,29.1,0.926,29.1,1.0
29.2,0.922,29.2,0.906,29.2,0.871,29.2,0.926,29.2,1.0
29.3,0.922,29.3,0.906,29.3,0.872,29.3,0.927,29.3,1.0
29.4,0.922,29.4,0.908,29.4,0.873,29.4,0.927,29.4,1.0
29.5,0.923,29.5,0.908,29.5,0.874,29.5,0.927,29.5,1.0
29.6,0.923,29.6,0.908,29.6,0.875,29.6,0.927,29.6,1.0
29.7,0.923,29.7,0.909,29.7,0.876,29.7,0.927,29.7,1.0
29.8,0.924,29.8,0.911,29.8,0.876,29.8,0.927,29.8,1.0
29.9,0.924,29.9,0.912,29.9,0.876,29.9,0.927,29.9,1.0
30.0,0.924,30.0,0.913,30.0,0.876,30.0,0.927,30.0,1.0
30.1,0.925,30.1,0.914,30.1,0.876,30.1,0.927,30.1,1.0
30.2,0.925,30.2,0.914,30.2,0.876,30.2,0.927,30.2,1.0
30.3,0.925,30.3,0.915,30.3,0.876,30.3,0.927,30.3,1.0
30.4,0.925,30.4,0.916,30.4,0.876,30.4,0.927,30.4,1.0
30.5,0.925,30.5,0.916,30.5,0.876,30.5,0.927,30.5,1.0
30.6,0.925,30.6,0.917,30.6,0.876,30.6,0.928,30.6,1.0
30.7,0.925,30.7,0.917,30.7,0.877,30.7,0.929,30.7,1.0
30.8,0.927,30.8,0.917,30.8,0.877,30.8,0.929,30.8,1.0
30.9,0.927,30.9,0.918,30.9,0.878,30.9,0.929,30.9,1.0
31.0,0.927,31.0,0.919,31.0,0.878,31.0,0.929,31.0,1.0
31.1,0.927,31.1,0.919,31.1,0.88,31.1,0.93,31.1,1.0
31.2,0.927,31.2,0.92,31.2,0.882,31.2,0.93,31.2,1.0
31.3,0.927,31.3,0.92,31.3,0.882,31.3,0.93,31.3,1.0
31.4,0.929,31.4,0.92,31.4,0.882,31.4,0.93,31.4,1.0
31.5,0.929,31.5,0.92,31.5,0.882,31.5,0.931,31.5,1.0
31.6,0.929,31.6,0.92,31.6,0.883,31.6,0.933,31.6,1.0
31.7,0.93,31.7,0.92,31.7,0.883,31.7,0.934,31.7,1.0
31.8,0.93,31.8,0.921,31.8,0.884,31.8,0.934,31.8,1.0
31.9,0.931,31.9,0.922,31.9,0.884,31.9,0.935,31.9,1.0
32.0,0.931,32.0,0.922,32.0,0.885,32.0,0.935,32.0,1.0
32.1,0.931,32.1,0.922,32.1,0.886,32.1,0.936,32.1,1.0
32.2,0.931,32.2,0.922,32.2,0.886,32.2,0.937,32.2,1.0
32.3,0.931,32.3,0.922,32.3,0.886,32.3,0.937,32.3,1.0
32.4,0.932,32.4,0.922,32.4,0.887,32.4,0.937,32.4,1.0
32.5,0.933,32.5,0.922,32.5,0.889,32.5,0.937,32.5,1.0
32.6,0.935,32.6,0.922,32.6,0.89,32.6,0.938,32.6,1.0
32.7,0.937,32.7,0.922,32.7,0.891,32.7,0.94,32.7,1.0
32.8,0.937,32.8,0.922,32.8,0.892,32.8,0.941,32.8,1.0
32.9,0.939,32.9,0.922,32.9,0.892,32.9,0.941,32.9,1.0
33.0,0.941,33.0,0.922,33.0,0.892,33.0,0.942,33.0,1.0
33.1,0.941,33.1,0.922,33.1,0.892,33.1,0.943,33.1,1.0
33.2,0.944,33.2,0.922,33.2,0.892,33.2,0.945,33.2,1.0
33.3,0.945,33.3,0.922,33.3,0.892,33.3,0.945,33.3,1.0
33.4,0.946,33.4,0.923,33.4,0.892,33.4,0.946,33.4,1.0
33.5,0.948,33.5,0.923,33.5,0.893,33.5,0.947,33.5,1.0
33.6,0.948,33.6,0.925,33.6,0.893,33.6,0.949,33.6,1.0
33.7,0.948,33.7,0.925,33.7,0.893,33.7,0.949,33.7,1.0
33.8,0.948,33.8,0.925,33.8,0.894,33.8,0.95,33.8,1.0
33.9,0.948,33.9,0.926,33.9,0.894,33.9,0.95,33.9,1.0
34.0,0.948,34.0,0.926,34.0,0.894,34.0,0.951,34.0,1.0
34.1,0.948,34.1,0.926,34.1,0.895,34.1,0.951,34.1,1.0
34.2,0.948,34.2,0.926,34.2,0.896,34.2,0.951,34.2,1.0
34.3,0.948,34.3,0.926,34.3,0.896,34.3,0.952,34.3,1.0
34.4,0.948,34.4,0.926,34.4,0.897,34.4,0.952,34.4,1.0
34.5,0.948,34.5,0.927,34.5,0.899,34.5,0.952,34.5,1.0
34.6,0.948,34.6,0.928,34.6,0.899,34.6,0.952,34.6,1.0
34.7,0.95,34.7,0.929,34.7,0.9,34.7,0.952,34.7,1.0
34.8,0.951,34.8,0.929,34.8,0.9,34.8,0.952,34.8,1.0
34.9,0.951,34.9,0.929,34.9,0.901,34.9,0.953,34.9,1.0
35.0,0.952,35.0,0.93,35.0,0.901,35.0,0.953,35.0,1.0
35.1,0.954,35.1,0.93,35.1,0.901,35.1,0.953,35.1,1.0
35.2,0.955,35.2,0.93,35.2,0.901,35.2,0.953,35.2,1.0
35.3,0.955,35.3,0.93,35.3,0.902,35.3,0.953,35.3,1.0
35.4,0.955,35.4,0.93,35.4,0.902,35.4,0.954,35.4,1.0
35.5,0.956,35.5,0.93,35.5,0.902,35.5,0.954,35.5,1.0
35.6,0.956,35.6,0.93,35.6,0.904,35.6,0.954,35.6,1.0
35.7,0.956,35.7,0.93,35.7,0.904,35.7,0.954,35.7,1.0
35.8,0.956,35.8,0.93,35.8,0.906,35.8,0.954,35.8,1.0
35.9,0.956,35.9,0.93,35.9,0.906,35.9,0.954,35.9,1.0
36.0,0.956,36.0,0.93,36.0,0.906,36.0,0.954,36.0,1.0
36.1,0.956,36.1,0.931,36.1,0.906,36.1,0.954,36.1,1.0
36.2,0.956,36.2,0.931,36.2,0.907,36.2,0.954,36.2,1.0
36.3,0.956,36.3,0.932,36.3,0.908,36.3,0.955,36.3,1.0
36.4,0.956,36.4,0.932,36.4,0.909,36.4,0.955,36.4,1.0
36.5,0.956,36.5,0.932,36.5,0.91,36.5,0.955,36.5,1.0
36.6,0.956,36.6,0.933,36.6,0.911,36.6,0.955,36.6,1.0
36.7,0.956,36.7,0.933,36.7,0.911,36.7,0.955,36.7,1.0
36.8,0.956,36.8,0.935,36.8,0.912,36.8,0.955,36.8,1.0
36.9,0.956,36.9,0.935,36.9,0.914,36.9,0.955,36.9,1.0
37.0,0.956,37.0,0.936,37.0,0.914,37.0,0.956,37.0,1.0
37.1,0.956,37.1,0.936,37.1,0.914,37.1,0.956,37.1,1.0
37.2,0.956,37.2,0.938,37.2,0.914,37.2,0.957,37.2,1.0
37.3,0.956,37.3,0.939,37.3,0.914,37.3,0.958,37.3,1.0
37.4,0.956,37.4,0.939,37.4,0.914,37.4,0.958,37.4,1.0
37.5,0.957,37.5,0.94,37.5,0.914,37.5,0.958,37.5,1.0
37.6,0.957,37.6,0.94,37.6,0.914,37.6,0.958,37.6,1.0
37.7,0.958,37.7,0.941,37.7,0.914,37.7,0.958,37.7,1.0
37.8,0.958,37.8,0.942,37.8,0.914,37.8,0.958,37.8,1.0
37.9,0.959,37.9,0.942,37.9,0.914,37.9,0.958,37.9,1.0
38.0,0.959,38.0,0.942,38.0,0.915,38.0,0.958,38.0,1.0
38.1,0.959,38.1,0.942,38.1,0.916,38.1,0.958,38.1,1.0
38.2,0.96,38.2,0.942,38.2,0.918,38.2,0.959,38.2,1.0
38.3,0.961,38.3,0.943,38.3,0.919,38.3,0.959,38.3,1.0
38.4,0.961,38.4,0.943,38.4,0.919,38.4,0.96,38.4,1.0
38.5,0.961,38.5,0.943,38.5,0.92,38.5,0.961,38.5,1.0
38.6,0.961,38.6,0.944,38.6,0.921,38.6,0.961,38.6,1.0
38.7,0.962,38.7,0.945,38.7,0.921,38.7,0.961,38.7,1.0
38.8,0.962,38.8,0.945,38.8,0.921,38.8,0.961,38.8,1.0
38.9,0.962,38.9,0.945,38.9,0.922,38.9,0.962,38.9,1.0
39.0,0.962,39.0,0.946,39.0,0.923,39.0,0.962,39.0,1.0
39.1,0.962,39.1,0.946,39.1,0.924,39.1,0.963,39.1,1.0
39.2,0.962,39.2,0.946,39.2,0.926,39.2,0.963,39.2,1.0
39.3,0.963,39.3,0.946,39.3,0.927,39.3,0.964,39.3,1.0
39.4,0.963,39.4,0.946,39.4,0.928,39.4,0.966,39.4,1.0
39.5,0.963,39.5,0.946,39.5,0.929,39.5,0.966,39.5,1.0
39.6,0.963,39.6,0.946,39.6,0.929,39.6,0.966,39.6,1.0
39.7,0.964,39.7,0.946,39.7,0.93,39.7,0.966,39.7,1.0
39.8,0.965,39.8,0.946,39.8,0.93,39.8,0.966,39.8,1.0
39.9,0.965,39.9,0.946,39.9,0.93,39.9,0.966,39.9,1.0
40.0,0.965,40.0,0.947,40.0,0.931,40.0,0.966,40.0,1.0
40.1,0.965,40.1,0.947,40.1,0.931,40.1,0.966,40.1,1.0
40.2,0.966,40.2,0.947,40.2,0.931,40.2,0.967,40.2,1.0
40.3,0.968,40.3,0.947,40.3,0.931,40.3,0.967,40.3,1.0
40.4,0.968,40.4,0.948,40.4,0.931,40.4,0.967,40.4,1.0
40.5,0.968,40.5,0.949,40.5,0.931,40.5,0.968,40.5,1.0
40.6,0.969,40.6,0.951,40.6,0.933,40.6,0.968,40.6,1.0
40.7,0.971,40.7,0.952,40.7,0.934,40.7,0.968,40.7,1.0
40.8,0.972,40.8,0.953,40.8,0.935,40.8,0.968,40.8,1.0
40.9,0.972,40.9,0.953,40.9,0.935,40.9,0.969,40.9,1.0
41.0,0.973,41.0,0.955,41.0,0.935,41.0,0.97,41.0,1.0
41.1,0.973,41.1,0.956,41.1,0.936,41.1,0.97,41.1,1.0
41.2,0.973,41.2,0.956,41.2,0.937,41.2,0.97,41.2,1.0
41.3,0.973,41.3,0.958,41.3,0.938,41.3,0.97,41.3,1.0
41.4,0.974,41.4,0.958,41.4,0.938,41.4,0.97,41.4,1.0
41.5,0.975,41.5,0.958,41.5,0.939,41.5,0.97,41.5,1.0
41.6,0.976,41.6,0.959,41.6,0.94,41.6,0.97,41.6,1.0
41.7,0.977,41.7,0.959,41.7,0.942,41.7,0.971,41.7,1.0
41.8,0.977,41.8,0.959,41.8,0.942,41.8,0.972,41.8,1.0
41.9,0.978,41.9,0.959,41.9,0.944,41.9,0.972,41.9,1.0
42.0,0.978,42.0,0.959,42.0,0.944,42.0,0.972,42.0,1.0
42.1,0.979,42.1,0.959,42.1,0.945,42.1,0.973,42.1,1.0
42.2,0.979,42.2,0.959,42.2,0.945,42.2,0.975,42.2,1.0
42.3,0.979,42.3,0.959,42.3,0.945,42.3,0.977,42.3,1.0
42.4,0.98,42.4,0.96,42.4,0.945,42.4,0.978,42.4,1.0
42.5,0.981,42.5,0.96,42.5,0.945,42.5,0.978,42.5,1.0
42.6,0.982,42.6,0.96,42.6,0.945,42.6,0.983,42.6,1.0
42.7,0.982,42.7,0.96,42.7,0.945,42.7,0.983,42.7,1.0
42.8,0.984,42.8,0.96,42.8,0.946,42.8,0.983,42.8,1.0
42.9,0.985,42.9,0.96,42.9,0.947,42.9,0.983,42.9,1.0
43.0,0.985,43.0,0.96,43.0,0.947,43.0,0.983,43.0,1.0
43.1,0.985,43.1,0.96,43.1,0.947,43.1,0.984,43.1,1.0
43.2,0.985,43.2,0.96,43.2,0.948,43.2,0.984,43.2,1.0
43.3,0.985,43.3,0.96,43.3,0.949,43.3,0.984,43.3,1.0
43.4,0.985,43.4,0.96,43.4,0.951,43.4,0.984,43.4,1.0
43.5,0.985,43.5,0.96,43.5,0.953,43.5,0.984,43.5,1.0
43.6,0.985,43.6,0.96,43.6,0.953,43.6,0.984,43.6,1.0
43.7,0.986,43.7,0.96,43.7,0.953,43.7,0.984,43.7,1.0
43.8,0.986,43.8,0.96,43.8,0.953,43.8,0.985,43.8,1.0
43.9,0.986,43.9,0.961,43.9,0.954,43.9,0.987,43.9,1.0
44.0,0.986,44.0,0.962,44.0,0.956,44.0,0.988,44.0,1.0
44.1,0.986,44.1,0.962,44.1,0.959,44.1,0.988,44.1,1.0
44.2,0.986,44.2,0.962,44.2,0.96,44.2,0.988,44.2,1.0
44.3,0.986,44.3,0.962,44.3,0.961,44.3,0.989,44.3,1.0
44.4,0.986,44.4,0.962,44.4,0.961,44.4,0.989,44.4,1.0
44.5,0.986,44.5,0.963,44.5,0.962,44.5,0.989,44.5,1.0
44.6,0.986,44.6,0.963,44.6,0.964,44.6,0.989,44.6,1.0
44.7,0.986,44.7,0.964,44.7,0.966,44.7,0.989,44.7,1.0
44.8,0.986,44.8,0.965,44.8,0.967,44.8,0.989,44.8,1.0
44.9,0.986,44.9,0.966,44.9,0.969,44.9,0.989,44.9,1.0
45.0,0.986,45.0,0.967,45.0,0.97,45.0,0.99,45.0,1.0
45.1,0.986,45.1,0.967,45.1,0.971,45.1,0.99,45.1,1.0
45.2,0.987,45.2,0.968,45.2,0.971,45.2,0.99,45.2,1.0
45.3,0.987,45.3,0.969,45.3,0.973,45.3,0.99,45.3,1.0
45.4,0.987,45.4,0.97,45.4,0.973,45.4,0.99,45.4,1.0
45.5,0.988,45.5,0.97,45.5,0.974,45.5,0.99,45.5,1.0
45.6,0.988,45.6,0.97,45.6,0.974,45.6,0.99,45.6,1.0
45.7,0.988,45.7,0.97,45.7,0.974,45.7,0.99,45.7,1.0
45.8,0.988,45.8,0.972,45.8,0.974,45.8,0.99,45.8,1.0
45.9,0.988,45.9,0.972,45.9,0.974,45.9,0.99,45.9,1.0
46.0,0.988,46.0,0.972,46.0,0.974,46.0,0.99,46.0,1.0
46.1,0.988,46.1,0.972,46.1,0.974,46.1,0.99,46.1,1.0
46.2,0.988,46.2,0.975,46.2,0.974,46.2,0.99,46.2,1.0
46.3,0.988,46.3,0.975,46.3,0.974,46.3,0.99,46.3,1.0
46.4,0.988,46.4,0.975,46.4,0.975,46.4,0.99,46.4,1.0
46.5,0.988,46.5,0.975,46.5,0.977,46.5,0.99,46.5,1.0
46.6,0.988,46.6,0.976,46.6,0.977,46.6,0.99,46.6,1.0
46.7,0.988,46.7,0.977,46.7,0.978,46.7,0.99,46.7,1.0
46.8,0.99,46.8,0.977,46.8,0.981,46.8,0.99,46.8,1.0
46.9,0.99,46.9,0.977,46.9,0.981,46.9,0.99,46.9,1.0
47.0,0.99,47.0,0.977,47.0,0.981,47.0,0.99,47.0,1.0
47.1,0.99,47.1,0.977,47.1,0.981,47.1,0.99,47.1,1.0
47.2,0.99,47.2,0.977,47.2,0.981,47.2,0.99,47.2,1.0
47.3,0.99,47.3,0.977,47.3,0.981,47.3,0.99,47.3,1.0
47.4,0.99,47.4,0.977,47.4,0.981,47.4,0.99,47.4,1.0
47.5,0.99,47.5,0.978,47.5,0.982,47.5,0.99,47.5,1.0
47.6,0.99,47.6,0.981,47.6,0.982,47.6,0.991,47.6,1.0
47.7,0.99,47.7,0.981,47.7,0.983,47.7,0.991,47.7,1.0
47.8,0.99,47.8,0.981,47.8,0.983,47.8,0.991,47.8,1.0
47.9,0.99,47.9,0.982,47.9,0.984,47.9,0.991,47.9,1.0
48.0,0.99,48.0,0.982,48.0,0.984,48.0,0.991,48.0,1.0
48.1,0.99,48.1,0.982,48.1,0.984,48.1,0.991,48.1,1.0
48.2,0.99,48.2,0.983,48.2,0.984,48.2,0.991,48.2,1.0
48.3,0.99,48.3,0.983,48.3,0.984,48.3,0.991,48.3,1.0
48.4,0.99,48.4,0.983,48.4,0.984,48.4,0.991,48.4,1.0
48.5,0.99,48.5,0.983,48.5,0.984,48.5,0.991,48.5,1.0
48.6,0.99,48.6,0.983,48.6,0.984,48.6,0.991,48.6,1.0
48.7,0.99,48.7,0.983,48.7,0.985,48.7,0.991,48.7,1.0
48.8,0.99,48.8,0.983,48.8,0.985,48.8,0.991,48.8,1.0
48.9,0.99,48.9,0.984,48.9,0.985,48.9,0.991,48.9,1.0
49.0,0.99,49.0,0.984,49.0,0.985,49.0,0.991,49.0,1.0
49.1,0.99,49.1,0.984,49.1,0.985,49.1,0.991,49.1,1.0
49.2,0.99,49.2,0.985,49.2,0.985,49.2,0.991,49.2,1.0
49.3,0.99,49.3,0.985,49.3,0.985,49.3,0.991,49.3,1.0
49.4,0.99,49.4,0.985,49.4,0.986,49.4,0.991,49.4,1.0
49.5,0.99,49.5,0.985,49.5,0.986,49.5,0.991,49.5,1.0
49.6,0.99,49.6,0.986,49.6,0.986,49.6,0.991,49.6,1.0
49.7,0.99,49.7,0.987,49.7,0.987,49.7,0.991,49.7,1.0
49.8,0.99,49.8,0.987,49.8,0.987,49.8,0.991,49.8,1.0
49.9,0.991,49.9,0.987,49.9,0.987,49.9,0.991,49.9,1.0
50.0,0.991,50.0,0.988,50.0,0.987,50.0,0.992,50.0,1.0
50.1,0.991,50.1,0.988,50.1,0.987,50.1,0.993,50.1,1.0
50.2,0.991,50.2,0.988,50.2,0.987,50.2,0.993,50.2,1.0
50.3,0.991,50.3,0.988,50.3,0.987,50.3,0.993,50.3,1.0
50.4,0.991,50.4,0.989,50.4,0.987,50.4,0.993,50.4,1.0
50.5,0.992,50.5,0.989,50.5,0.987,50.5,0.994,50.5,1.0
50.6,0.994,50.6,0.989,50.6,0.987,50.6,0.994,50.6,1.0
50.7,0.995,50.7,0.989,50.7,0.987,50.7,0.994,50.7,1.0
50.8,0.995,50.8,0.989,50.8,0.987,50.8,0.994,50.8,1.0
50.9,0.996,50.9,0.989,50.9,0.987,50.9,0.994,50.9,1.0
51.0,0.996,51.0,0.989,51.0,0.987,51.0,0.994,51.0,1.0
51.1,0.997,51.1,0.989,51.1,0.987,51.1,0.994,51.1,1.0
51.2,0.998,51.2,0.989,51.2,0.987,51.2,0.994,51.2,1.0
51.3,0.998,51.3,0.989,51.3,0.987,51.3,0.995,51.3,1.0
51.4,0.998,51.4,0.989,51.4,0.987,51.4,0.995,51.4,1.0
51.5,0.998,51.5,0.989,51.5,0.988,51.5,0.995,51.5,1.0
51.6,0.999,51.6,0.989,51.6,0.988,51.6,0.997,51.6,1.0
51.7,0.999,51.7,0.989,51.7,0.988,51.7,0.997,51.7,1.0
51.8,0.999,51.8,0.989,51.8,0.988,51.8,0.997,51.8,1.0
51.9,0.999,51.9,0.99,51.9,0.988,51.9,0.997,51.9,1.0
52.0,0.999,52.0,0.99,52.0,0.989,52.0,0.997,52.0,1.0
52.1,0.999,52.1,0.99,52.1,0.99,52.1,0.997,52.1,1.0
52.2,0.999,52.2,0.991,52.2,0.99,52.2,0.997,52.2,1.0
52.3,0.999,52.3,0.992,52.3,0.99,52.3,0.997,52.3,1.0
52.4,1.0,52.4,0.993,52.4,0.99,52.4,0.997,52.4,1.0
52.5,1.0,52.5,0.993,52.5,0.99,52.5,0.998,52.5,1.0
52.6,1.0,52.6,0.993,52.6,0.991,52.6,0.998,52.6,1.0
52.7,1.0,52.7,0.993,52.7,0.991,52.7,0.998,52.7,1.0
52.8,1.0,52.8,0.993,52.8,0.991,52.8,0.998,52.8,1.0
52.9,1.0,52.9,0.993,52.9,0.991,52.9,0.998,52.9,1.0
53.0,1.0,53.0,0.993,53.0,0.991,53.0,0.998,53.0,1.0
53.1,1.0,53.1,0.993,53.1,0.991,53.1,0.998,53.1,1.0
53.2,1.0,53.2,0.993,53.2,0.992,53.2,0.998,53.2,1.0
53.3,1.0,53.3,0.993,53.3,0.992,53.3,0.998,53.3,1.0
53.4,1.0,53.4,0.993,53.4,0.992,53.4,0.998,53.4,1.0
53.5,1.0,53.5,0.994,53.5,0.992,53.5,0.998,53.5,1.0
53.6,1.0,53.6,0.994,53.6,0.992,53.6,0.998,53.6,1.0
53.7,1.0,53.7,0.994,53.7,0.992,53.7,0.998,53.7,1.0
53.8,1.0,53.8,0.994,53.8,0.992,53.8,0.998,53.8,1.0
53.9,1.0,53.9,0.994,53.9,0.992,53.9,0.998,53.9,1.0
54.0,1.0,54.0,0.994,54.0,0.992,54.0,0.998,54.0,1.0
54.1,1.0,54.1,0.995,54.1,0.993,54.1,0.998,54.1,1.0
54.2,1.0,54.2,0.995,54.2,0.993,54.2,0.998,54.2,1.0
54.3,1.0,54.3,0.995,54.3,0.993,54.3,0.998,54.3,1.0
54.4,1.0,54.4,0.995,54.4,0.993,54.4,0.998,54.4,1.0
54.5,1.0,54.5,0.995,54.5,0.993,54.5,0.998,54.5,1.0
54.6,1.0,54.6,0.995,54.6,0.993,54.6,0.998,54.6,1.0
54.7,1.0,54.7,0.995,54.7,0.993,54.7,0.998,54.7,1.0
54.8,1.0,54.8,0.995,54.8,0.993,54.8,0.998,54.8,1.0
54.9,1.0,54.9,0.995,54.9,0.993,54.9,0.998,54.9,1.0
55.0,1.0,55.0,0.995,55.0,0.993,55.0,0.998,55.0,1.0
55.1,1.0,55.1,0.995,55.1,0.993,55.1,0.998,55.1,1.0
55.2,1.0,55.2,0.997,55.2,0.993,55.2,0.998,55.2,1.0
55.3,1.0,55.3,0.997,55.3,0.993,55.3,0.998,55.3,1.0
55.4,1.0,55.4,0.997,55.4,0.993,55.4,0.998,55.4,1.0
55.5,1.0,55.5,0.997,55.5,0.993,55.5,0.998,55.5,1.0
55.6,1.0,55.6,0.997,55.6,0.994,55.6,0.998,55.6,1.0
55.7,1.0,55.7,0.997,55.7,0.994,55.7,0.998,55.7,1.0
55.8,1.0,55.8,0.997,55.8,0.994,55.8,0.998,55.8,1.0
55.9,1.0,55.9,0.997,55.9,0.995,55.9,0.998,55.9,1.0
56.0,1.0,56.0,0.997,56.0,0.995,56.0,0.998,56.0,1.0
56.1,1.0,56.1,0.998,56.1,0.995,56.1,0.998,56.1,1.0
56.2,1.0,56.2,0.998,56.2,0.996,56.2,0.998,56.2,1.0
56.3,1.0,56.3,0.998,56.3,0.996,56.3,0.998,56.3,1.0
56.4,1.0,56.4,0.998,56.4,0.996,56.4,0.998,56.4,1.0
56.5,1.0,56.5,0.998,56.5,0.996,56.5,0.998,56.5,1.0
56.6,1.0,56.6,0.998,56.6,0.996,56.6,0.998,56.6,1.0
56.7,1.0,56.7,0.998,56.7,0.996,56.7,0.998,56.7,1.0
56.8,1.0,56.8,0.998,56.8,0.996,56.8,0.998,56.8,1.0
56.9,1.0,56.9,0.998,56.9,0.996,56.9,0.998,56.9,1.0
57.0,1.0,57.0,0.998,57.0,0.996,57.0,0.998,57.0,1.0
57.1,1.0,57.1,0.998,57.1,0.996,57.1,0.998,57.1,1.0
57.2,1.0,57.2,0.998,57.2,0.996,57.2,0.998,57.2,1.0
57.3,1.0,57.3,0.998,57.3,0.996,57.3,0.998,57.3,1.0
57.4,1.0,57.4,0.998,57.4,0.998,57.4,0.998,57.4,1.0
57.5,1.0,57.5,0.998,57.5,0.998,57.5,0.998,57.5,1.0
57.6,1.0,57.6,0.998,57.6,0.998,57.6,0.998,57.6,1.0
57.7,1.0,57.7,0.999,57.7,0.998,57.7,0.998,57.7,1.0
57.8,1.0,57.8,0.999,57.8,0.998,57.8,0.998,57.8,1.0
57.9,1.0,57.9,0.999,57.9,0.998,57.9,0.998,57.9,1.0
58.0,1.0,58.0,0.999,58.0,0.998,58.0,0.998,58.0,1.0
58.1,1.0,58.1,0.999,58.1,0.998,58.1,0.998,58.1,1.0
58.2,1.0,58.2,0.999,58.2,0.998,58.2,0.998,58.2,1.0
58.3,1.0,58.3,0.999,58.3,0.998,58.3,0.998,58.3,1.0
58.4,1.0,58.4,0.999,58.4,0.998,58.4,0.998,58.4,1.0
58.5,1.0,58.5,0.999,58.5,0.998,58.5,0.999,58.5,1.0
58.6,1.0,58.6,0.999,58.6,0.998,58.6,0.999,58.6,1.0
58.7,1.0,58.7,0.999,58.7,0.998,58.7,0.999,58.7,1.0
58.8,1.0,58.8,0.999,58.8,0.998,58.8,0.999,58.8,1.0
58.9,1.0,58.9,0.999,58.9,0.998,58.9,0.999,58.9,1.0
59.0,1.0,59.0,0.999,59.0,0.998,59.0,0.999,59.0,1.0
59.1,1.0,59.1,0.999,59.1,0.998,59.1,0.999,59.1,1.0
59.2,1.0,59.2,0.999,59.2,0.998,59.2,0.999,59.2,1.0
59.3,1.0,59.3,0.999,59.3,0.998,59.3,0.999,59.3,1.0
59.4,1.0,59.4,0.999,59.4,0.998,59.4,0.999,59.4,1.0
59.5,1.0,59.5,0.999,59.5,0.998,59.5,0.999,59.5,1.0
59.6,1.0,59.6,0.999,59.6,0.998,59.6,0.999,59.6,1.0
59.7,1.0,59.7,0.999,59.7,0.998,59.7,0.999,59.7,1.0
59.8,1.0,59.8,0.999,59.8,0.998,59.8,0.999,59.8,1.0
59.9,1.0,59.9,0.999,59.9,0.998,59.9,0.999,59.9,1.0
60.0,1.0,60.0,0.999,60.0,0.998,60.0,0.999,60.0,1.0
60.1,1.0,60.1,0.999,60.1,0.998,60.1,0.999,60.1,1.0
60.2,1.0,60.2,0.999,60.2,0.998,60.2,0.999,60.2,1.0
60.3,1.0,60.3,0.999,60.3,0.998,60.3,0.999,60.3,1.0
60.4,1.0,60.4,0.999,60.4,0.998,60.4,0.999,60.4,1.0
60.5,1.0,60.5,0.999,60.5,0.998,60.5,0.999,60.5,1.0
60.6,1.0,60.6,0.999,60.6,0.998,60.6,0.999,60.6,1.0
60.7,1.0,60.7,0.999,60.7,0.998,60.7,0.999,60.7,1.0
60.8,1.0,60.8,0.999,60.8,0.998,60.8,0.999,60.8,1.0
60.9,1.0,60.9,0.999,60.9,0.998,60.9,0.999,60.9,1.0
61.0,1.0,61.0,0.999,61.0,0.998,61.0,0.999,61.0,1.0
61.1,1.0,61.1,0.999,61.1,0.998,61.1,0.999,61.1,1.0
61.2,1.0,61.2,0.999,61.2,0.998,61.2,0.999,61.2,1.0
61.3,1.0,61.3,0.999,61.3,0.998,61.3,0.999,61.3,1.0
61.4,1.0,61.4,0.999,61.4,0.998,61.4,0.999,61.4,1.0
61.5,1.0,61.5,0.999,61.5,0.998,61.5,0.999,61.5,1.0
61.6,1.0,61.6,0.999,61.6,0.998,61.6,0.999,61.6,1.0
61.7,1.0,61.7,0.999,61.7,0.998,61.7,0.999,61.7,1.0
61.8,1.0,61.8,0.999,61.8,0.998,61.8,0.999,61.8,1.0
61.9,1.0,61.9,0.999,61.9,0.999,61.9,0.999,61.9,1.0
62.0,1.0,62.0,0.999,62.0,0.999,62.0,0.999,62.0,1.0
62.1,1.0,62.1,0.999,62.1,0.999,62.1,0.999,62.1,1.0
62.2,1.0,62.2,0.999,62.2,0.999,62.2,0.999,62.2,1.0
62.3,1.0,62.3,0.999,62.3,0.999,62.3,0.999,62.3,1.0
62.4,1.0,62.4,0.999,62.4,0.999,62.4,0.999,62.4,1.0
62.5,1.0,62.5,0.999,62.5,0.999,62.5,0.999,62.5,1.0
62.6,1.0,62.6,0.999,62.6,0.999,62.6,0.999,62.6,1.0
62.7,1.0,62.7,0.999,62.7,0.999,62.7,0.999,62.7,1.0
62.8,1.0,62.8,0.999,62.8,0.999,62.8,0.999,62.8,1.0
62.9,1.0,62.9,0.999,62.9,0.999,62.9,0.999,62.9,1.0
63.0,1.0,63.0,0.999,63.0,0.999,63.0,0.999,63.0,1.0
63.1,1.0,63.1,0.999,63.1,0.999,63.1,0.999,63.1,1.0
63.2,1.0,63.2,0.999,63.2,0.999,63.2,0.999,63.2,1.0
63.3,1.0,63.3,0.999,63.3,0.999,63.3,0.999,63.3,1.0
63.4,1.0,63.4,0.999,63.4,0.999,63.4,0.999,63.4,1.0
63.5,1.0,63.5,0.999,63.5,0.999,63.5,0.999,63.5,1.0
63.6,1.0,63.6,0.999,63.6,0.999,63.6,0.999,63.6,1.0
63.7,1.0,63.7,0.999,63.7,0.999,63.7,0.999,63.7,1.0
63.8,1.0,63.8,0.999,63.8,0.999,63.8,0.999,63.8,1.0
63.9,1.0,63.9,0.999,63.9,0.999,63.9,0.999,63.9,1.0
64.0,1.0,64.0,0.999,64.0,0.999,64.0,0.999,64.0,1.0
64.1,1.0,64.1,0.999,64.1,0.999,64.1,0.999,64.1,1.0
64.2,1.0,64.2,0.999,64.2,0.999,64.2,0.999,64.2,1.0
64.3,1.0,64.3,0.999,64.3,0.999,64.3,0.999,64.3,1.0
64.4,1.0,64.4,0.999,64.4,0.999,64.4,0.999,64.4,1.0
64.5,1.0,64.5,0.999,64.5,0.999,64.5,0.999,64.5,1.0
64.6,1.0,64.6,0.999,64.6,0.999,64.6,0.999,64.6,1.0
64.7,1.0,64.7,0.999,64.7,0.999,64.7,0.999,64.7,1.0
64.8,1.0,64.8,0.999,64.8,0.999,64.8,0.999,64.8,1.0
64.9,1.0,64.9,0.999,64.9,0.999,64.9,0.999,64.9,1.0
65.0,1.0,65.0,0.999,65.0,0.999,65.0,0.999,65.0,1.0
65.1,1.0,65.1,0.999,65.1,0.999,65.1,0.999,65.1,1.0
65.2,1.0,65.2,0.999,65.2,0.999,65.2,0.999,65.2,1.0
65.3,1.0,65.3,0.999,65.3,0.999,65.3,0.999,65.3,1.0
65.4,1.0,65.4,0.999,65.4,0.999,65.4,0.999,65.4,1.0
65.5,1.0,65.5,0.999,65.5,0.999,65.5,0.999,65.5,1.0
65.6,1.0,65.6,0.999,65.6,0.999,65.6,0.999,65.6,1.0
65.7,1.0,65.7,0.999,65.7,0.999,65.7,0.999,65.7,1.0
65.8,1.0,65.8,0.999,65.8,0.999,65.8,0.999,65.8,1.0
65.9,1.0,65.9,0.999,65.9,0.999,65.9,0.999,65.9,1.0
66.0,1.0,66.0,0.999,66.0,0.999,66.0,0.999,66.0,1.0
66.1,1.0,66.1,0.999,66.1,0.999,66.1,0.999,66.1,1.0
66.2,1.0,66.2,0.999,66.2,0.999,66.2,0.999,66.2,1.0
66.3,1.0,66.3,0.999,66.3,0.999,66.3,0.999,66.3,1.0
66.4,1.0,66.4,0.999,66.4,0.999,66.4,0.999,66.4,1.0
66.5,1.0,66.5,0.999,66.5,0.999,66.5,0.999,66.5,1.0
66.6,1.0,66.6,0.999,66.6,0.999,66.6,0.999,66.6,1.0
66.7,1.0,66.7,0.999,66.7,0.999,66.7,0.999,66.7,1.0
66.8,1.0,66.8,0.999,66.8,0.999,66.8,0.999,66.8,1.0
66.9,1.0,66.9,0.999,66.9,0.999,66.9,0.999,66.9,1.0
67.0,1.0,67.0,0.999,67.0,0.999,67.0,0.999,67.0,1.0
67.1,1.0,67.1,0.999,67.1,1.0,67.1,0.999,67.1,1.0
67.2,1.0,67.2,0.999,67.2,1.0,67.2,0.999,67.2,1.0
67.3,1.0,67.3,0.999,67.3,1.0,67.3,0.999,67.3,1.0
67.4,1.0,67.4,0.999,67.4,1.0,67.4,0.999,67.4,1.0
67.5,1.0,67.5,0.999,67.5,1.0,67.5,0.999,67.5,1.0
67.6,1.0,67.6,0.999,67.6,1.0,67.6,0.999,67.6,1.0
67.7,1.0,67.7,0.999,67.7,1.0,67.7,0.999,67.7,1.0
67.8,1.0,67.8,0.999,67.8,1.0,67.8,0.999,67.8,1.0
67.9,1.0,67.9,0.999,67.9,1.0,67.9,0.999,67.9,1.0
68.0,1.0,68.0,0.999,68.0,1.0,68.0,0.999,68.0,1.0
68.1,1.0,68.1,0.999,68.1,1.0,68.1,0.999,68.1,1.0
68.2,1.0,68.2,0.999,68.2,1.0,68.2,0.999,68.2,1.0
68.3,1.0,68.3,0.999,68.3,1.0,68.3,0.999,68.3,1.0
68.4,1.0,68.4,0.999,68.4,1.0,68.4,0.999,68.4,1.0
68.5,1.0,68.5,0.999,68.5,1.0,68.5,0.999,68.5,1.0
68.6,1.0,68.6,0.999,68.6,1.0,68.6,0.999,68.6,1.0
68.7,1.0,68.7,0.999,68.7,1.0,68.7,0.999,68.7,1.0
68.8,1.0,68.8,0.999,68.8,1.0,68.8,0.999,68.8,1.0
68.9,1.0,68.9,0.999,68.9,1.0,68.9,0.999,68.9,1.0
69.0,1.0,69.0,0.999,69.0,1.0,69.0,0.999,69.0,1.0
69.1,1.0,69.1,0.999,69.1,1.0,69.1,0.999,69.1,1.0
69.2,1.0,69.2,0.999,69.2,1.0,69.2,0.999,69.2,1.0
69.3,1.0,69.3,0.999,69.3,1.0,69.3,0.999,69.3,1.0
69.4,1.0,69.4,0.999,69.4,1.0,69.4,0.999,69.4,1.0
69.5,1.0,69.5,0.999,69.5,1.0,69.5,0.999,69.5,1.0
69.6,1.0,69.6,0.999,69.6,1.0,69.6,0.999,69.6,1.0
69.7,1.0,69.7,0.999,69.7,1.0,69.7,0.999,69.7,1.0
69.8,1.0,69.8,0.999,69.8,1.0,69.8,0.999,69.8,1.0
69.9,1.0,69.9,0.999,69.9,1.0,69.9,0.999,69.9,1.0
70.0,1.0,70.0,0.999,70.0,1.0,70.0,0.999,70.0,1.0
70.1,1.0,70.1,0.999,70.1,1.0,70.1,0.999,70.1,1.0
70.2,1.0,70.2,0.999,70.2,1.0,70.2,0.999,70.2,1.0
70.3,1.0,70.3,0.999,70.3,1.0,70.3,0.999,70.3,1.0
70.4,1.0,70.4,0.999,70.4,1.0,70.4,0.999,70.4,1.0
70.5,1.0,70.5,0.999,70.5,1.0,70.5,0.999,70.5,1.0
70.6,1.0,70.6,0.999,70.6,1.0,70.6,0.999,70.6,1.0
70.7,1.0,70.7,0.999,70.7,1.0,70.7,0.999,70.7,1.0
70.8,1.0,70.8,0.999,70.8,1.0,70.8,0.999,70.8,1.0
70.9,1.0,70.9,0.999,70.9,1.0,70.9,0.999,70.9,1.0
71.0,1.0,71.0,0.999,71.0,1.0,71.0,0.999,71.0,1.0
71.1,1.0,71.1,0.999,71.1,1.0,71.1,0.999,71.1,1.0
71.2,1.0,71.2,0.999,71.2,1.0,71.2,0.999,71.2,1.0
71.3,1.0,71.3,0.999,71.3,1.0,71.3,0.999,71.3,1.0
71.4,1.0,71.4,0.999,71.4,1.0,71.4,0.999,71.4,1.0
71.5,1.0,71.5,0.999,71.5,1.0,71.5,0.999,71.5,1.0
71.6,1.0,71.6,0.999,71.6,1.0,71.6,0.999,71.6,1.0
71.7,1.0,71.7,0.999,71.7,1.0,71.7,0.999,71.7,1.0
71.8,1.0,71.8,0.999,71.8,1.0,71.8,0.999,71.8,1.0
71.9,1.0,71.9,0.999,71.9,1.0,71.9,0.999,71.9,1.0
72.0,1.0,72.0,0.999,72.0,1.0,72.0,0.999,72.0,1.0
72.1,1.0,72.1,0.999,72.1,1.0,72.1,0.999,72.1,1.0
72.2,1.0,72.2,0.999,72.2,1.0,72.2,0.999,72.2,1.0
72.3,1.0,72.3,0.999,72.3,1.0,72.3,0.999,72.3,1.0
72.4,1.0,72.4,0.999,72.4,1.0,72.4,0.999,72.4,1.0
72.5,1.0,72.5,0.999,72.5,1.0,72.5,0.999,72.5,1.0
72.6,1.0,72.6,0.999,72.6,1.0,72.6,0.999,72.6,1.0
72.7,1.0,72.7,0.999,72.7,1.0,72.7,0.999,72.7,1.0
72.8,1.0,72.8,0.999,72.8,1.0,72.8,0.999,72.8,1.0
72.9,1.0,72.9,0.999,72.9,1.0,72.9,0.999,72.9,1.0
73.0,1.0,73.0,1.0,73.0,1.0,73.0,0.999,73.0,1.0
73.1,1.0,73.1,1.0,73.1,1.0,73.1,0.999,73.1,1.0
73.2,1.0,73.2,1.0,73.2,1.0,73.2,0.999,73.2,1.0
73.3,1.0,73.3,1.0,73.3,1.0,73.3,0.999,73.3,1.0
73.4,1.0,73.4,1.0,73.4,1.0,73.4,0.999,73.4,1.0
73.5,1.0,73.5,1.0,73.5,1.0,73.5,0.999,73.5,1.0
73.6,1.0,73.6,1.0,73.6,1.0,73.6,0.999,73.6,1.0
73.7,1.0,73.7,1.0,73.7,1.0,73.7,0.999,73.7,1.0
73.8,1.0,73.8,1.0,73.8,1.0,73.8,0.999,73.8,1.0
73.9,1.0,73.9,1.0,73.9,1.0,73.9,0.999,73.9,1.0
74.0,1.0,74.0,1.0,74.0,1.0,74.0,0.999,74.0,1.0
74.1,1.0,74.1,1.0,74.1,1.0,74.1,0.999,74.1,1.0
74.2,1.0,74.2,1.0,74.2,1.0,74.2,0.999,74.2,1.0
74.3,1.0,74.3,1.0,74.3,1.0,74.3,0.999,74.3,1.0
74.4,1.0,74.4,1.0,74.4,1.0,74.4,0.999,74.4,1.0
74.5,1.0,74.5,1.0,74.5,1.0,74.5,0.999,74.5,1.0
74.6,1.0,74.6,1.0,74.6,1.0,74.6,0.999,74.6,1.0
74.7,1.0,74.7,1.0,74.7,1.0,74.7,0.999,74.7,1.0
74.8,1.0,74.8,1.0,74.8,1.0,74.8,0.999,74.8,1.0
74.9,1.0,74.9,1.0,74.9,1.0,74.9,0.999,74.9,1.0
75.0,1.0,75.0,1.0,75.0,1.0,75.0,0.999,75.0,1.0
75.1,1.0,75.1,1.0,75.1,1.0,75.1,0.999,75.1,1.0
75.2,1.0,75.2,1.0,75.2,1.0,75.2,0.999,75.2,1.0
75.3,1.0,75.3,1.0,75.3,1.0,75.3,0.999,75.3,1.0
75.4,1.0,75.4,1.0,75.4,1.0,75.4,0.999,75.4,1.0
75.5,1.0,75.5,1.0,75.5,1.0,75.5,0.999,75.5,1.0
75.6,1.0,75.6,1.0,75.6,1.0,75.6,0.999,75.6,1.0
75.7,1.0,75.7,1.0,75.7,1.0,75.7,0.999,75.7,1.0
75.8,1.0,75.8,1.0,75.8,1.0,75.8,0.999,75.8,1.0
75.9,1.0,75.9,1.0,75.9,1.0,75.9,0.999,75.9,1.0
76.0,1.0,76.0,1.0,76.0,1.0,76.0,0.999,76.0,1.0
76.1,1.0,76.1,1.0,76.1,1.0,76.1,0.999,76.1,1.0
76.2,1.0,76.2,1.0,76.2,1.0,76.2,0.999,76.2,1.0
76.3,1.0,76.3,1.0,76.3,1.0,76.3,0.999,76.3,1.0
76.4,1.0,76.4,1.0,76.4,1.0,76.4,0.999,76.4,1.0
76.5,1.0,76.5,1.0,76.5,1.0,76.5,0.999,76.5,1.0
76.6,1.0,76.6,1.0,76.6,1.0,76.6,0.999,76.6,1.0
76.7,1.0,76.7,1.0,76.7,1.0,76.7,0.999,76.7,1.0
76.8,1.0,76.8,1.0,76.8,1.0,76.8,0.999,76.8,1.0
76.9,1.0,76.9,1.0,76.9,1.0,76.9,0.999,76.9,1.0
77.0,1.0,77.0,1.0,77.0,1.0,77.0,0.999,77.0,1.0
77.1,1.0,77.1,1.0,77.1,1.0,77.1,0.999,77.1,1.0
77.2,1.0,77.2,1.0,77.2,1.0,77.2,0.999,77.2,1.0
77.3,1.0,77.3,1.0,77.3,1.0,77.3,0.999,77.3,1.0
77.4,1.0,77.4,1.0,77.4,1.0,77.4,0.999,77.4,1.0
77.5,1.0,77.5,1.0,77.5,1.0,77.5,0.999,77.5,1.0
77.6,1.0,77.6,1.0,77.6,1.0,77.6,0.999,77.6,1.0
77.7,1.0,77.7,1.0,77.7,1.0,77.7,0.999,77.7,1.0
77.8,1.0,77.8,1.0,77.8,1.0,77.8,0.999,77.8,1.0
77.9,1.0,77.9,1.0,77.9,1.0,77.9,0.999,77.9,1.0
78.0,1.0,78.0,1.0,78.0,1.0,78.0,0.999,78.0,1.0
78.1,1.0,78.1,1.0,78.1,1.0,78.1,0.999,78.1,1.0
78.2,1.0,78.2,1.0,78.2,1.0,78.2,0.999,78.2,1.0
78.3,1.0,78.3,1.0,78.3,1.0,78.3,0.999,78.3,1.0
78.4,1.0,78.4,1.0,78.4,1.0,78.4,0.999,78.4,1.0
78.5,1.0,78.5,1.0,78.5,1.0,78.5,0.999,78.5,1.0
78.6,1.0,78.6,1.0,78.6,1.0,78.6,0.999,78.6,1.0
78.7,1.0,78.7,1.0,78.7,1.0,78.7,0.999,78.7,1.0
78.8,1.0,78.8,1.0,78.8,1.0,78.8,0.999,78.8,1.0
78.9,1.0,78.9,1.0,78.9,1.0,78.9,0.999,78.9,1.0
79.0,1.0,79.0,1.0,79.0,1.0,79.0,0.999,79.0,1.0
79.1,1.0,79.1,1.0,79.1,1.0,79.1,0.999,79.1,1.0
79.2,1.0,79.2,1.0,79.2,1.0,79.2,0.999,79.2,1.0
79.3,1.0,79.3,1.0,79.3,1.0,79.3,0.999,79.3,1.0
79.4,1.0,79.4,1.0,79.4,1.0,79.4,0.999,79.4,1.0
79.5,1.0,79.5,1.0,79.5,1.0,79.5,0.999,79.5,1.0
79.6,1.0,79.6,1.0,79.6,1.0,79.6,0.999,79.6,1.0
79.7,1.0,79.7,1.0,79.7,1.0,79.7,0.999,79.7,1.0
79.8,1.0,79.8,1.0,79.8,1.0,79.8,0.999,79.8,1.0
79.9,1.0,79.9,1.0,79.9,1.0,79.9,0.999,79.9,1.0
80.0,1.0,80.0,1.0,80.0,1.0,80.0,0.999,80.0,1.0
80.1,1.0,80.1,1.0,80.1,1.0,80.1,0.999,80.1,1.0
80.2,1.0,80.2,1.0,80.2,1.0,80.2,0.999,80.2,1.0
80.3,1.0,80.3,1.0,80.3,1.0,80.3,0.999,80.3,1.0
80.4,1.0,80.4,1.0,80.4,1.0,80.4,0.999,80.4,1.0
80.5,1.0,80.5,1.0,80.5,1.0,80.5,0.999,80.5,1.0
80.6,1.0,80.6,1.0,80.6,1.0,80.6,0.999,80.6,1.0
80.7,1.0,80.7,1.0,80.7,1.0,80.7,0.999,80.7,1.0
80.8,1.0,80.8,1.0,80.8,1.0,80.8,0.999,80.8,1.0
80.9,1.0,80.9,1.0,80.9,1.0,80.9,0.999,80.9,1.0
81.0,1.0,81.0,1.0,81.0,1.0,81.0,0.999,81.0,1.0
81.1,1.0,81.1,1.0,81.1,1.0,81.1,0.999,81.1,1.0
81.2,1.0,81.2,1.0,81.2,1.0,81.2,0.999,81.2,1.0
81.3,1.0,81.3,1.0,81.3,1.0,81.3,0.999,81.3,1.0
81.4,1.0,81.4,1.0,81.4,1.0,81.4,0.999,81.4,1.0
81.5,1.0,81.5,1.0,81.5,1.0,81.5,0.999,81.5,1.0
81.6,1.0,81.6,1.0,81.6,1.0,81.6,0.999,81.6,1.0
81.7,1.0,81.7,1.0,81.7,1.0,81.7,0.999,81.7,1.0
81.8,1.0,81.8,1.0,81.8,1.0,81.8,0.999,81.8,1.0
81.9,1.0,81.9,1.0,81.9,1.0,81.9,0.999,81.9,1.0
82.0,1.0,82.0,1.0,82.0,1.0,82.0,0.999,82.0,1.0
82.1,1.0,82.1,1.0,82.1,1.0,82.1,0.999,82.1,1.0
82.2,1.0,82.2,1.0,82.2,1.0,82.2,0.999,82.2,1.0
82.3,1.0,82.3,1.0,82.3,1.0,82.3,0.999,82.3,1.0
82.4,1.0,82.4,1.0,82.4,1.0,82.4,0.999,82.4,1.0
82.5,1.0,82.5,1.0,82.5,1.0,82.5,0.999,82.5,1.0
82.6,1.0,82.6,1.0,82.6,1.0,82.6,0.999,82.6,1.0
82.7,1.0,82.7,1.0,82.7,1.0,82.7,0.999,82.7,1.0
82.8,1.0,82.8,1.0,82.8,1.0,82.8,0.999,82.8,1.0
82.9,1.0,82.9,1.0,82.9,1.0,82.9,0.999,82.9,1.0
83.0,1.0,83.0,1.0,83.0,1.0,83.0,0.999,83.0,1.0
83.1,1.0,83.1,1.0,83.1,1.0,83.1,0.999,83.1,1.0
83.2,1.0,83.2,1.0,83.2,1.0,83.2,0.999,83.2,1.0
83.3,1.0,83.3,1.0,83.3,1.0,83.3,0.999,83.3,1.0
83.4,1.0,83.4,1.0,83.4,1.0,83.4,0.999,83.4,1.0
83.5,1.0,83.5,1.0,83.5,1.0,83.5,0.999,83.5,1.0
83.6,1.0,83.6,1.0,83.6,1.0,83.6,0.999,83.6,1.0
83.7,1.0,83.7,1.0,83.7,1.0,83.7,0.999,83.7,1.0
83.8,1.0,83.8,1.0,83.8,1.0,83.8,0.999,83.8,1.0
83.9,1.0,83.9,1.0,83.9,1.0,83.9,0.999,83.9,1.0
84.0,1.0,84.0,1.0,84.0,1.0,84.0,0.999,84.0,1.0
84.1,1.0,84.1,1.0,84.1,1.0,84.1,0.999,84.1,1.0
84.2,1.0,84.2,1.0,84.2,1.0,84.2,1.0,84.2,1.0
