x,total,x,vgg19,x,resnet50,x,yolov2,x,squeezenetv1,x,googlenet
1.0,0.0,1.0,0.0,1.0,0.0,1.0,0.0,1.0,0.0,1.0,0.0
1.1,0.519,1.1,0.7386934673366834,1.1,0.6069651741293532,1.1,0.39,1.1,0.51,1.1,0.35
1.2,0.519,1.2,0.7386934673366834,1.2,0.6069651741293532,1.2,0.39,1.2,0.51,1.2,0.35
1.3,0.519,1.3,0.7386934673366834,1.3,0.6069651741293532,1.3,0.39,1.3,0.51,1.3,0.35
1.4,0.521,1.4,0.7386934673366834,1.4,0.6069651741293532,1.4,0.395,1.4,0.515,1.4,0.35
1.5,0.521,1.5,0.7386934673366834,1.5,0.6069651741293532,1.5,0.395,1.5,0.515,1.5,0.35
1.6,0.522,1.6,0.7386934673366834,1.6,0.6069651741293532,1.6,0.4,1.6,0.515,1.6,0.35
1.7,0.522,1.7,0.7386934673366834,1.7,0.6069651741293532,1.7,0.4,1.7,0.515,1.7,0.35
1.8,0.522,1.8,0.7386934673366834,1.8,0.6069651741293532,1.8,0.4,1.8,0.515,1.8,0.35
1.9,0.522,1.9,0.7386934673366834,1.9,0.6069651741293532,1.9,0.4,1.9,0.515,1.9,0.35
2.0,0.524,2.0,0.7386934673366834,2.0,0.6119402985074627,2.0,0.4,2.0,0.52,2.0,0.35
2.1,0.525,2.1,0.7386934673366834,2.1,0.6119402985074627,2.1,0.4,2.1,0.525,2.1,0.35
2.2,0.525,2.2,0.7386934673366834,2.2,0.6119402985074627,2.2,0.4,2.2,0.525,2.2,0.35
2.3,0.525,2.3,0.7386934673366834,2.3,0.6119402985074627,2.3,0.4,2.3,0.525,2.3,0.35
2.4,0.528,2.4,0.7386934673366834,2.4,0.6169154228855721,2.4,0.405,2.4,0.525,2.4,0.355
2.5,0.529,2.5,0.7437185929648241,2.5,0.6169154228855721,2.5,0.405,2.5,0.525,2.5,0.355
2.6,0.53,2.6,0.7437185929648241,2.6,0.6169154228855721,2.6,0.41,2.6,0.525,2.6,0.355
2.7,0.531,2.7,0.7437185929648241,2.7,0.6169154228855721,2.7,0.41,2.7,0.53,2.7,0.355
2.8,0.532,2.8,0.7437185929648241,2.8,0.6169154228855721,2.8,0.41,2.8,0.535,2.8,0.355
2.9,0.532,2.9,0.7437185929648241,2.9,0.6169154228855721,2.9,0.41,2.9,0.535,2.9,0.355
3.0,0.534,3.0,0.7487437185929648,3.0,0.6169154228855721,3.0,0.41,3.0,0.54,3.0,0.355
3.1,0.539,3.1,0.7537688442211056,3.1,0.6218905472636815,3.1,0.415,3.1,0.545,3.1,0.36
3.2,0.54,3.2,0.7537688442211056,3.2,0.6218905472636815,3.2,0.415,3.2,0.545,3.2,0.365
3.3,0.543,3.3,0.7537688442211056,3.3,0.6218905472636815,3.3,0.42,3.3,0.545,3.3,0.375
3.4,0.546,3.4,0.7587939698492462,3.4,0.6268656716417911,3.4,0.42,3.4,0.545,3.4,0.38
3.5,0.547,3.5,0.7587939698492462,3.5,0.6268656716417911,3.5,0.42,3.5,0.545,3.5,0.385
3.6,0.548,3.6,0.7587939698492462,3.6,0.6268656716417911,3.6,0.42,3.6,0.545,3.6,0.39
3.7,0.551,3.7,0.7587939698492462,3.7,0.6318407960199005,3.7,0.425,3.7,0.545,3.7,0.395
3.8,0.554,3.8,0.7688442211055276,3.8,0.6318407960199005,3.8,0.425,3.8,0.545,3.8,0.4
3.9,0.557,3.9,0.7688442211055276,3.9,0.6318407960199005,3.9,0.43,3.9,0.545,3.9,0.41
4.0,0.557,4.0,0.7688442211055276,4.0,0.6318407960199005,4.0,0.43,4.0,0.545,4.0,0.41
4.1,0.558,4.1,0.7688442211055276,4.1,0.6318407960199005,4.1,0.435,4.1,0.545,4.1,0.41
4.2,0.561,4.2,0.7738693467336684,4.2,0.6368159203980099,4.2,0.44,4.2,0.545,4.2,0.41
4.3,0.562,4.3,0.7738693467336684,4.3,0.6417910447761194,4.3,0.44,4.3,0.545,4.3,0.41
4.4,0.563,4.4,0.7788944723618091,4.4,0.6417910447761194,4.4,0.44,4.4,0.545,4.4,0.41
4.5,0.565,4.5,0.7788944723618091,4.5,0.6417910447761194,4.5,0.44,4.5,0.555,4.5,0.41
4.6,0.565,4.6,0.7788944723618091,4.6,0.6417910447761194,4.6,0.44,4.6,0.555,4.6,0.41
4.7,0.566,4.7,0.7788944723618091,4.7,0.6417910447761194,4.7,0.445,4.7,0.555,4.7,0.41
4.8,0.566,4.8,0.7788944723618091,4.8,0.6417910447761194,4.8,0.445,4.8,0.555,4.8,0.41
4.9,0.566,4.9,0.7788944723618091,4.9,0.6417910447761194,4.9,0.445,4.9,0.555,4.9,0.41
5.0,0.568,5.0,0.7839195979899497,5.0,0.6417910447761194,5.0,0.445,5.0,0.555,5.0,0.415
5.1,0.57,5.1,0.7889447236180904,5.1,0.6417910447761194,5.1,0.445,5.1,0.555,5.1,0.42
5.2,0.572,5.2,0.7889447236180904,5.2,0.6417910447761194,5.2,0.445,5.2,0.56,5.2,0.425
5.3,0.573,5.3,0.7939698492462312,5.3,0.6417910447761194,5.3,0.445,5.3,0.56,5.3,0.425
5.4,0.576,5.4,0.7939698492462312,5.4,0.6417910447761194,5.4,0.45,5.4,0.57,5.4,0.425
5.5,0.577,5.5,0.7939698492462312,5.5,0.6417910447761194,5.5,0.45,5.5,0.575,5.5,0.425
5.6,0.581,5.6,0.7939698492462312,5.6,0.6467661691542289,5.6,0.45,5.6,0.585,5.6,0.43
5.7,0.583,5.7,0.7939698492462312,5.7,0.6517412935323383,5.7,0.455,5.7,0.585,5.7,0.43
5.8,0.586,5.8,0.7939698492462312,5.8,0.6567164179104478,5.8,0.455,5.8,0.585,5.8,0.44
5.9,0.586,5.9,0.7939698492462312,5.9,0.6567164179104478,5.9,0.455,5.9,0.585,5.9,0.44
6.0,0.587,6.0,0.7989949748743719,6.0,0.6567164179104478,6.0,0.455,6.0,0.585,6.0,0.44
6.1,0.594,6.1,0.8040201005025126,6.1,0.6616915422885572,6.1,0.455,6.1,0.6,6.1,0.45
6.2,0.595,6.2,0.8040201005025126,6.2,0.6616915422885572,6.2,0.455,6.2,0.6,6.2,0.455
6.3,0.597,6.3,0.8040201005025126,6.3,0.6616915422885572,6.3,0.455,6.3,0.605,6.3,0.46
6.4,0.6,6.4,0.8040201005025126,6.4,0.6666666666666666,6.4,0.455,6.4,0.61,6.4,0.465
6.5,0.602,6.5,0.8090452261306532,6.5,0.6666666666666666,6.5,0.455,6.5,0.61,6.5,0.47
6.6,0.605,6.6,0.8140703517587939,6.6,0.6666666666666666,6.6,0.46,6.6,0.61,6.6,0.475
6.7,0.611,6.7,0.8190954773869347,6.7,0.6666666666666666,6.7,0.46,6.7,0.625,6.7,0.485
6.8,0.614,6.8,0.8190954773869347,6.8,0.6716417910447762,6.8,0.46,6.8,0.635,6.8,0.485
6.9,0.614,6.9,0.8190954773869347,6.9,0.6716417910447762,6.9,0.46,6.9,0.635,6.9,0.485
7.0,0.617,7.0,0.8190954773869347,7.0,0.681592039800995,7.0,0.46,7.0,0.64,7.0,0.485
7.1,0.62,7.1,0.8291457286432161,7.1,0.681592039800995,7.1,0.465,7.1,0.64,7.1,0.485
7.2,0.623,7.2,0.8341708542713567,7.2,0.681592039800995,7.2,0.465,7.2,0.645,7.2,0.49
7.3,0.627,7.3,0.8391959798994975,7.3,0.6915422885572139,7.3,0.465,7.3,0.65,7.3,0.49
7.4,0.628,7.4,0.8391959798994975,7.4,0.6965174129353234,7.4,0.465,7.4,0.65,7.4,0.49
7.5,0.634,7.5,0.8391959798994975,7.5,0.7064676616915423,7.5,0.47,7.5,0.655,7.5,0.5
7.6,0.636,7.6,0.8391959798994975,7.6,0.7114427860696517,7.6,0.475,7.6,0.655,7.6,0.5
7.7,0.638,7.7,0.8391959798994975,7.7,0.7114427860696517,7.7,0.48,7.7,0.66,7.7,0.5
7.8,0.638,7.8,0.8391959798994975,7.8,0.7114427860696517,7.8,0.48,7.8,0.66,7.8,0.5
7.9,0.64,7.9,0.8391959798994975,7.9,0.7114427860696517,7.9,0.485,7.9,0.665,7.9,0.5
8.0,0.643,8.0,0.8391959798994975,8.0,0.7164179104477612,8.0,0.495,8.0,0.665,8.0,0.5
8.1,0.645,8.1,0.8391959798994975,8.1,0.7164179104477612,8.1,0.495,8.1,0.67,8.1,0.505
8.2,0.651,8.2,0.8492462311557789,8.2,0.7164179104477612,8.2,0.5,8.2,0.675,8.2,0.515
8.3,0.655,8.3,0.8492462311557789,8.3,0.7164179104477612,8.3,0.51,8.3,0.685,8.3,0.515
8.4,0.657,8.4,0.8492462311557789,8.4,0.7213930348258707,8.4,0.51,8.4,0.685,8.4,0.52
8.5,0.659,8.5,0.8492462311557789,8.5,0.7263681592039801,8.5,0.515,8.5,0.685,8.5,0.52
8.6,0.664,8.6,0.8492462311557789,8.6,0.736318407960199,8.6,0.52,8.6,0.685,8.6,0.53
8.7,0.665,8.7,0.8542713567839196,8.7,0.736318407960199,8.7,0.52,8.7,0.685,8.7,0.53
8.8,0.666,8.8,0.8542713567839196,8.8,0.736318407960199,8.8,0.52,8.8,0.685,8.8,0.535
8.9,0.666,8.9,0.8542713567839196,8.9,0.736318407960199,8.9,0.52,8.9,0.685,8.9,0.535
9.0,0.667,9.0,0.8592964824120602,9.0,0.736318407960199,9.0,0.52,9.0,0.685,9.0,0.535
9.1,0.667,9.1,0.8592964824120602,9.1,0.736318407960199,9.1,0.52,9.1,0.685,9.1,0.535
9.2,0.668,9.2,0.864321608040201,9.2,0.736318407960199,9.2,0.52,9.2,0.685,9.2,0.535
9.3,0.669,9.3,0.8693467336683417,9.3,0.736318407960199,9.3,0.52,9.3,0.685,9.3,0.535
9.4,0.669,9.4,0.8693467336683417,9.4,0.736318407960199,9.4,0.52,9.4,0.685,9.4,0.535
9.5,0.669,9.5,0.8693467336683417,9.5,0.736318407960199,9.5,0.52,9.5,0.685,9.5,0.535
9.6,0.671,9.6,0.8743718592964824,9.6,0.736318407960199,9.6,0.52,9.6,0.69,9.6,0.535
9.7,0.673,9.7,0.8844221105527639,9.7,0.736318407960199,9.7,0.52,9.7,0.69,9.7,0.535
9.8,0.674,9.8,0.8844221105527639,9.8,0.736318407960199,9.8,0.52,9.8,0.695,9.8,0.535
9.9,0.677,9.9,0.8844221105527639,9.9,0.736318407960199,9.9,0.53,9.9,0.7,9.9,0.535
10.0,0.682,10.0,0.8894472361809045,10.0,0.7412935323383084,10.0,0.535,10.0,0.71,10.0,0.535
10.1,0.686,10.1,0.8944723618090452,10.1,0.7412935323383084,10.1,0.535,10.1,0.72,10.1,0.54
10.2,0.689,10.2,0.8944723618090452,10.2,0.746268656716418,10.2,0.535,10.2,0.73,10.2,0.54
10.3,0.692,10.3,0.8994974874371859,10.3,0.7512437810945274,10.3,0.535,10.3,0.735,10.3,0.54
10.4,0.694,10.4,0.8994974874371859,10.4,0.7562189054726368,10.4,0.535,10.4,0.735,10.4,0.545
10.5,0.695,10.5,0.8994974874371859,10.5,0.7562189054726368,10.5,0.535,10.5,0.74,10.5,0.545
10.6,0.696,10.6,0.8994974874371859,10.6,0.7562189054726368,10.6,0.54,10.6,0.74,10.6,0.545
10.7,0.698,10.7,0.8994974874371859,10.7,0.7562189054726368,10.7,0.545,10.7,0.74,10.7,0.55
10.8,0.698,10.8,0.8994974874371859,10.8,0.7562189054726368,10.8,0.545,10.8,0.74,10.8,0.55
10.9,0.701,10.9,0.8994974874371859,10.9,0.7562189054726368,10.9,0.56,10.9,0.74,10.9,0.55
11.0,0.703,11.0,0.8994974874371859,11.0,0.7661691542288557,11.0,0.56,11.0,0.74,11.0,0.55
11.1,0.703,11.1,0.8994974874371859,11.1,0.7661691542288557,11.1,0.56,11.1,0.74,11.1,0.55
11.2,0.704,11.2,0.8994974874371859,11.2,0.7661691542288557,11.2,0.565,11.2,0.74,11.2,0.55
11.3,0.704,11.3,0.8994974874371859,11.3,0.7661691542288557,11.3,0.565,11.3,0.74,11.3,0.55
11.4,0.704,11.4,0.8994974874371859,11.4,0.7661691542288557,11.4,0.565,11.4,0.74,11.4,0.55
11.5,0.705,11.5,0.8994974874371859,11.5,0.7711442786069652,11.5,0.565,11.5,0.74,11.5,0.55
11.6,0.705,11.6,0.8994974874371859,11.6,0.7711442786069652,11.6,0.565,11.6,0.74,11.6,0.55
11.7,0.705,11.7,0.8994974874371859,11.7,0.7711442786069652,11.7,0.565,11.7,0.74,11.7,0.55
11.8,0.708,11.8,0.8994974874371859,11.8,0.7810945273631841,11.8,0.565,11.8,0.745,11.8,0.55
11.9,0.708,11.9,0.8994974874371859,11.9,0.7810945273631841,11.9,0.565,11.9,0.745,11.9,0.55
12.0,0.709,12.0,0.9045226130653267,12.0,0.7810945273631841,12.0,0.565,12.0,0.745,12.0,0.55
12.1,0.711,12.1,0.9095477386934674,12.1,0.7810945273631841,12.1,0.565,12.1,0.75,12.1,0.55
12.2,0.712,12.2,0.9095477386934674,12.2,0.7860696517412935,12.2,0.565,12.2,0.75,12.2,0.55
12.3,0.714,12.3,0.914572864321608,12.3,0.7860696517412935,12.3,0.565,12.3,0.75,12.3,0.555
12.4,0.716,12.4,0.914572864321608,12.4,0.7910447761194029,12.4,0.57,12.4,0.75,12.4,0.555
12.5,0.716,12.5,0.914572864321608,12.5,0.7910447761194029,12.5,0.57,12.5,0.75,12.5,0.555
12.6,0.718,12.6,0.914572864321608,12.6,0.7910447761194029,12.6,0.57,12.6,0.76,12.6,0.555
12.7,0.72,12.7,0.9195979899497487,12.7,0.7910447761194029,12.7,0.575,12.7,0.76,12.7,0.555
12.8,0.72,12.8,0.9195979899497487,12.8,0.7910447761194029,12.8,0.575,12.8,0.76,12.8,0.555
12.9,0.721,12.9,0.9195979899497487,12.9,0.7910447761194029,12.9,0.58,12.9,0.76,12.9,0.555
13.0,0.723,13.0,0.9195979899497487,13.0,0.7910447761194029,13.0,0.58,13.0,0.76,13.0,0.565
13.1,0.724,13.1,0.9195979899497487,13.1,0.7910447761194029,13.1,0.585,13.1,0.76,13.1,0.565
13.2,0.725,13.2,0.9195979899497487,13.2,0.7910447761194029,13.2,0.585,13.2,0.765,13.2,0.565
13.3,0.726,13.3,0.9195979899497487,13.3,0.7960199004975125,13.3,0.585,13.3,0.765,13.3,0.565
13.4,0.727,13.4,0.9195979899497487,13.4,0.7960199004975125,13.4,0.59,13.4,0.765,13.4,0.565
13.5,0.728,13.5,0.9195979899497487,13.5,0.7960199004975125,13.5,0.595,13.5,0.765,13.5,0.565
13.6,0.728,13.6,0.9195979899497487,13.6,0.7960199004975125,13.6,0.595,13.6,0.765,13.6,0.565
13.7,0.729,13.7,0.9246231155778895,13.7,0.7960199004975125,13.7,0.595,13.7,0.765,13.7,0.565
13.8,0.73,13.8,0.9296482412060302,13.8,0.7960199004975125,13.8,0.595,13.8,0.765,13.8,0.565
13.9,0.731,13.9,0.9346733668341709,13.9,0.7960199004975125,13.9,0.595,13.9,0.765,13.9,0.565
14.0,0.733,14.0,0.9346733668341709,14.0,0.7960199004975125,14.0,0.595,14.0,0.77,14.0,0.57
14.1,0.733,14.1,0.9346733668341709,14.1,0.7960199004975125,14.1,0.595,14.1,0.77,14.1,0.57
14.2,0.733,14.2,0.9346733668341709,14.2,0.7960199004975125,14.2,0.595,14.2,0.77,14.2,0.57
14.3,0.734,14.3,0.9346733668341709,14.3,0.7960199004975125,14.3,0.595,14.3,0.775,14.3,0.57
14.4,0.734,14.4,0.9346733668341709,14.4,0.7960199004975125,14.4,0.595,14.4,0.775,14.4,0.57
14.5,0.736,14.5,0.9346733668341709,14.5,0.7960199004975125,14.5,0.595,14.5,0.775,14.5,0.58
14.6,0.736,14.6,0.9346733668341709,14.6,0.7960199004975125,14.6,0.595,14.6,0.775,14.6,0.58
14.7,0.738,14.7,0.9346733668341709,14.7,0.7960199004975125,14.7,0.6,14.7,0.775,14.7,0.585
14.8,0.742,14.8,0.9346733668341709,14.8,0.7960199004975125,14.8,0.605,14.8,0.78,14.8,0.595
14.9,0.744,14.9,0.9346733668341709,14.9,0.8009950248756219,14.9,0.61,14.9,0.78,14.9,0.595
15.0,0.744,15.0,0.9346733668341709,15.0,0.8009950248756219,15.0,0.61,15.0,0.78,15.0,0.595
15.1,0.747,15.1,0.9396984924623115,15.1,0.8009950248756219,15.1,0.62,15.1,0.78,15.1,0.595
15.2,0.75,15.2,0.9396984924623115,15.2,0.8059701492537313,15.2,0.625,15.2,0.78,15.2,0.6
15.3,0.752,15.3,0.9447236180904522,15.3,0.8059701492537313,15.3,0.625,15.3,0.78,15.3,0.605
15.4,0.754,15.4,0.9447236180904522,15.4,0.8059701492537313,15.4,0.625,15.4,0.78,15.4,0.615
15.5,0.754,15.5,0.9447236180904522,15.5,0.8059701492537313,15.5,0.625,15.5,0.78,15.5,0.615
15.6,0.755,15.6,0.9447236180904522,15.6,0.8059701492537313,15.6,0.625,15.6,0.785,15.6,0.615
15.7,0.757,15.7,0.9447236180904522,15.7,0.8109452736318408,15.7,0.63,15.7,0.785,15.7,0.615
15.8,0.758,15.8,0.9447236180904522,15.8,0.8109452736318408,15.8,0.635,15.8,0.785,15.8,0.615
15.9,0.759,15.9,0.9447236180904522,15.9,0.8109452736318408,15.9,0.635,15.9,0.79,15.9,0.615
16.0,0.76,16.0,0.9447236180904522,16.0,0.8109452736318408,16.0,0.64,16.0,0.79,16.0,0.615
16.1,0.761,16.1,0.9447236180904522,16.1,0.8109452736318408,16.1,0.64,16.1,0.795,16.1,0.615
16.2,0.762,16.2,0.9447236180904522,16.2,0.8109452736318408,16.2,0.64,16.2,0.795,16.2,0.62
16.3,0.764,16.3,0.9447236180904522,16.3,0.8109452736318408,16.3,0.64,16.3,0.795,16.3,0.63
16.4,0.764,16.4,0.9447236180904522,16.4,0.8109452736318408,16.4,0.64,16.4,0.795,16.4,0.63
16.5,0.764,16.5,0.9447236180904522,16.5,0.8109452736318408,16.5,0.64,16.5,0.795,16.5,0.63
16.6,0.768,16.6,0.949748743718593,16.6,0.8109452736318408,16.6,0.64,16.6,0.805,16.6,0.635
16.7,0.768,16.7,0.949748743718593,16.7,0.8109452736318408,16.7,0.64,16.7,0.805,16.7,0.635
16.8,0.768,16.8,0.949748743718593,16.8,0.8109452736318408,16.8,0.64,16.8,0.805,16.8,0.635
16.9,0.769,16.9,0.949748743718593,16.9,0.8109452736318408,16.9,0.645,16.9,0.805,16.9,0.635
17.0,0.769,17.0,0.949748743718593,17.0,0.8109452736318408,17.0,0.645,17.0,0.805,17.0,0.635
17.1,0.773,17.1,0.9547738693467337,17.1,0.8109452736318408,17.1,0.645,17.1,0.815,17.1,0.64
17.2,0.774,17.2,0.9547738693467337,17.2,0.8109452736318408,17.2,0.645,17.2,0.815,17.2,0.645
17.3,0.774,17.3,0.9547738693467337,17.3,0.8109452736318408,17.3,0.645,17.3,0.815,17.3,0.645
17.4,0.776,17.4,0.9547738693467337,17.4,0.8109452736318408,17.4,0.645,17.4,0.82,17.4,0.65
17.5,0.776,17.5,0.9547738693467337,17.5,0.8109452736318408,17.5,0.645,17.5,0.82,17.5,0.65
17.6,0.777,17.6,0.9547738693467337,17.6,0.8109452736318408,17.6,0.645,17.6,0.825,17.6,0.65
17.7,0.778,17.7,0.9547738693467337,17.7,0.8109452736318408,17.7,0.645,17.7,0.825,17.7,0.655
17.8,0.778,17.8,0.9547738693467337,17.8,0.8109452736318408,17.8,0.645,17.8,0.825,17.8,0.655
17.9,0.78,17.9,0.9597989949748744,17.9,0.8109452736318408,17.9,0.645,17.9,0.825,17.9,0.66
18.0,0.78,18.0,0.9597989949748744,18.0,0.8109452736318408,18.0,0.645,18.0,0.825,18.0,0.66
18.1,0.782,18.1,0.9597989949748744,18.1,0.8109452736318408,18.1,0.655,18.1,0.825,18.1,0.66
18.2,0.783,18.2,0.9597989949748744,18.2,0.8109452736318408,18.2,0.655,18.2,0.83,18.2,0.66
18.3,0.786,18.3,0.964824120603015,18.3,0.8109452736318408,18.3,0.66,18.3,0.83,18.3,0.665
18.4,0.787,18.4,0.964824120603015,18.4,0.8159203980099502,18.4,0.66,18.4,0.83,18.4,0.665
18.5,0.788,18.5,0.964824120603015,18.5,0.8159203980099502,18.5,0.66,18.5,0.83,18.5,0.67
18.6,0.79,18.6,0.964824120603015,18.6,0.8159203980099502,18.6,0.665,18.6,0.835,18.6,0.67
18.7,0.79,18.7,0.964824120603015,18.7,0.8159203980099502,18.7,0.665,18.7,0.835,18.7,0.67
18.8,0.791,18.8,0.964824120603015,18.8,0.8159203980099502,18.8,0.665,18.8,0.84,18.8,0.67
18.9,0.793,18.9,0.964824120603015,18.9,0.8159203980099502,18.9,0.675,18.9,0.84,18.9,0.67
19.0,0.793,19.0,0.964824120603015,19.0,0.8159203980099502,19.0,0.675,19.0,0.84,19.0,0.67
19.1,0.793,19.1,0.964824120603015,19.1,0.8159203980099502,19.1,0.675,19.1,0.84,19.1,0.67
19.2,0.798,19.2,0.9748743718592965,19.2,0.8159203980099502,19.2,0.685,19.2,0.845,19.2,0.67
19.3,0.8,19.3,0.9748743718592965,19.3,0.8159203980099502,19.3,0.685,19.3,0.85,19.3,0.675
19.4,0.803,19.4,0.9849246231155779,19.4,0.8159203980099502,19.4,0.69,19.4,0.85,19.4,0.675
19.5,0.804,19.5,0.9849246231155779,19.5,0.8159203980099502,19.5,0.69,19.5,0.855,19.5,0.675
19.6,0.81,19.6,0.9899497487437185,19.6,0.8159203980099502,19.6,0.69,19.6,0.87,19.6,0.685
19.7,0.812,19.7,0.9899497487437185,19.7,0.8258706467661692,19.7,0.69,19.7,0.87,19.7,0.685
19.8,0.814,19.8,0.9899497487437185,19.8,0.8308457711442786,19.8,0.695,19.8,0.87,19.8,0.685
19.9,0.814,19.9,0.9899497487437185,19.9,0.8308457711442786,19.9,0.695,19.9,0.87,19.9,0.685
20.0,0.814,20.0,0.9899497487437185,20.0,0.8308457711442786,20.0,0.695,20.0,0.87,20.0,0.685
20.1,0.815,20.1,0.9899497487437185,20.1,0.8308457711442786,20.1,0.695,20.1,0.875,20.1,0.685
20.2,0.816,20.2,0.9899497487437185,20.2,0.8308457711442786,20.2,0.695,20.2,0.875,20.2,0.69
20.3,0.816,20.3,0.9899497487437185,20.3,0.8308457711442786,20.3,0.695,20.3,0.875,20.3,0.69
20.4,0.817,20.4,0.9899497487437185,20.4,0.8308457711442786,20.4,0.695,20.4,0.875,20.4,0.695
20.5,0.821,20.5,0.9899497487437185,20.5,0.8308457711442786,20.5,0.705,20.5,0.875,20.5,0.705
20.6,0.822,20.6,0.9899497487437185,20.6,0.8308457711442786,20.6,0.71,20.6,0.875,20.6,0.705
20.7,0.824,20.7,0.9899497487437185,20.7,0.8308457711442786,20.7,0.71,20.7,0.88,20.7,0.71
20.8,0.825,20.8,0.9899497487437185,20.8,0.835820895522388,20.8,0.71,20.8,0.88,20.8,0.71
20.9,0.825,20.9,0.9899497487437185,20.9,0.835820895522388,20.9,0.71,20.9,0.88,20.9,0.71
21.0,0.825,21.0,0.9899497487437185,21.0,0.835820895522388,21.0,0.71,21.0,0.88,21.0,0.71
21.1,0.826,21.1,0.9899497487437185,21.1,0.835820895522388,21.1,0.71,21.1,0.88,21.1,0.715
21.2,0.827,21.2,0.9899497487437185,21.2,0.835820895522388,21.2,0.71,21.2,0.885,21.2,0.715
21.3,0.827,21.3,0.9899497487437185,21.3,0.835820895522388,21.3,0.71,21.3,0.885,21.3,0.715
21.4,0.828,21.4,0.9899497487437185,21.4,0.835820895522388,21.4,0.715,21.4,0.885,21.4,0.715
21.5,0.83,21.5,0.9899497487437185,21.5,0.835820895522388,21.5,0.72,21.5,0.885,21.5,0.72
21.6,0.831,21.6,0.9899497487437185,21.6,0.835820895522388,21.6,0.72,21.6,0.89,21.6,0.72
21.7,0.831,21.7,0.9899497487437185,21.7,0.835820895522388,21.7,0.72,21.7,0.89,21.7,0.72
21.8,0.831,21.8,0.9899497487437185,21.8,0.835820895522388,21.8,0.72,21.8,0.89,21.8,0.72
21.9,0.832,21.9,0.9899497487437185,21.9,0.8407960199004975,21.9,0.72,21.9,0.89,21.9,0.72
22.0,0.835,22.0,0.9899497487437185,22.0,0.8507462686567164,22.0,0.725,22.0,0.89,22.0,0.72
22.1,0.835,22.1,0.9899497487437185,22.1,0.8507462686567164,22.1,0.725,22.1,0.89,22.1,0.72
22.2,0.836,22.2,0.9899497487437185,22.2,0.8507462686567164,22.2,0.73,22.2,0.89,22.2,0.72
22.3,0.836,22.3,0.9899497487437185,22.3,0.8507462686567164,22.3,0.73,22.3,0.89,22.3,0.72
22.4,0.836,22.4,0.9899497487437185,22.4,0.8507462686567164,22.4,0.73,22.4,0.89,22.4,0.72
22.5,0.838,22.5,0.9899497487437185,22.5,0.8507462686567164,22.5,0.73,22.5,0.9,22.5,0.72
22.6,0.838,22.6,0.9899497487437185,22.6,0.8507462686567164,22.6,0.73,22.6,0.9,22.6,0.72
22.7,0.838,22.7,0.9899497487437185,22.7,0.8507462686567164,22.7,0.73,22.7,0.9,22.7,0.72
22.8,0.838,22.8,0.9899497487437185,22.8,0.8507462686567164,22.8,0.73,22.8,0.9,22.8,0.72
22.9,0.838,22.9,0.9899497487437185,22.9,0.8507462686567164,22.9,0.73,22.9,0.9,22.9,0.72
23.0,0.839,23.0,0.9899497487437185,23.0,0.8507462686567164,23.0,0.735,23.0,0.9,23.0,0.72
23.1,0.841,23.1,0.9899497487437185,23.1,0.8557213930348259,23.1,0.74,23.1,0.9,23.1,0.72
23.2,0.841,23.2,0.9899497487437185,23.2,0.8557213930348259,23.2,0.74,23.2,0.9,23.2,0.72
23.3,0.843,23.3,0.9899497487437185,23.3,0.8557213930348259,23.3,0.745,23.3,0.9,23.3,0.725
23.4,0.845,23.4,0.9899497487437185,23.4,0.8606965174129353,23.4,0.745,23.4,0.9,23.4,0.73
23.5,0.845,23.5,0.9899497487437185,23.5,0.8606965174129353,23.5,0.745,23.5,0.9,23.5,0.73
23.6,0.848,23.6,0.9899497487437185,23.6,0.8656716417910447,23.6,0.755,23.6,0.9,23.6,0.73
23.7,0.849,23.7,0.9899497487437185,23.7,0.8656716417910447,23.7,0.755,23.7,0.9,23.7,0.735
23.8,0.85,23.8,0.9899497487437185,23.8,0.8656716417910447,23.8,0.755,23.8,0.9,23.8,0.74
23.9,0.852,23.9,0.9899497487437185,23.9,0.8656716417910447,23.9,0.765,23.9,0.9,23.9,0.74
24.0,0.853,24.0,0.9899497487437185,24.0,0.8656716417910447,24.0,0.765,24.0,0.905,24.0,0.74
24.1,0.853,24.1,0.9899497487437185,24.1,0.8656716417910447,24.1,0.765,24.1,0.905,24.1,0.74
24.2,0.854,24.2,0.9899497487437185,24.2,0.8706467661691543,24.2,0.765,24.2,0.905,24.2,0.74
24.3,0.854,24.3,0.9899497487437185,24.3,0.8706467661691543,24.3,0.765,24.3,0.905,24.3,0.74
24.4,0.855,24.4,0.9899497487437185,24.4,0.8706467661691543,24.4,0.765,24.4,0.91,24.4,0.74
24.5,0.855,24.5,0.9899497487437185,24.5,0.8706467661691543,24.5,0.765,24.5,0.91,24.5,0.74
24.6,0.858,24.6,0.9899497487437185,24.6,0.8756218905472637,24.6,0.775,24.6,0.91,24.6,0.74
24.7,0.859,24.7,0.9899497487437185,24.7,0.8756218905472637,24.7,0.775,24.7,0.915,24.7,0.74
24.8,0.862,24.8,0.9899497487437185,24.8,0.8756218905472637,24.8,0.78,24.8,0.92,24.8,0.745
24.9,0.864,24.9,0.9899497487437185,24.9,0.8756218905472637,24.9,0.79,24.9,0.92,24.9,0.745
25.0,0.865,25.0,0.9899497487437185,25.0,0.8756218905472637,25.0,0.795,25.0,0.92,25.0,0.745
25.1,0.866,25.1,0.9899497487437185,25.1,0.8805970149253731,25.1,0.795,25.1,0.92,25.1,0.745
25.2,0.866,25.2,0.9899497487437185,25.2,0.8805970149253731,25.2,0.795,25.2,0.92,25.2,0.745
25.3,0.868,25.3,0.9899497487437185,25.3,0.8805970149253731,25.3,0.805,25.3,0.92,25.3,0.745
25.4,0.87,25.4,0.9899497487437185,25.4,0.8805970149253731,25.4,0.805,25.4,0.92,25.4,0.755
25.5,0.872,25.5,0.9899497487437185,25.5,0.8855721393034826,25.5,0.805,25.5,0.92,25.5,0.76
25.6,0.873,25.6,0.9899497487437185,25.6,0.8905472636815921,25.6,0.805,25.6,0.92,25.6,0.76
25.7,0.874,25.7,0.9899497487437185,25.7,0.8905472636815921,25.7,0.81,25.7,0.92,25.7,0.76
25.8,0.875,25.8,0.9899497487437185,25.8,0.8905472636815921,25.8,0.81,25.8,0.925,25.8,0.76
25.9,0.875,25.9,0.9899497487437185,25.9,0.8905472636815921,25.9,0.81,25.9,0.925,25.9,0.76
26.0,0.875,26.0,0.9899497487437185,26.0,0.8905472636815921,26.0,0.81,26.0,0.925,26.0,0.76
26.1,0.875,26.1,0.9899497487437185,26.1,0.8905472636815921,26.1,0.81,26.1,0.925,26.1,0.76
26.2,0.875,26.2,0.9899497487437185,26.2,0.8905472636815921,26.2,0.81,26.2,0.925,26.2,0.76
26.3,0.875,26.3,0.9899497487437185,26.3,0.8905472636815921,26.3,0.81,26.3,0.925,26.3,0.76
26.4,0.875,26.4,0.9899497487437185,26.4,0.8905472636815921,26.4,0.81,26.4,0.925,26.4,0.76
26.5,0.876,26.5,0.9899497487437185,26.5,0.8905472636815921,26.5,0.81,26.5,0.925,26.5,0.765
26.6,0.876,26.6,0.9899497487437185,26.6,0.8905472636815921,26.6,0.81,26.6,0.925,26.6,0.765
26.7,0.877,26.7,0.9899497487437185,26.7,0.8905472636815921,26.7,0.815,26.7,0.925,26.7,0.765
26.8,0.879,26.8,0.9899497487437185,26.8,0.8955223880597015,26.8,0.815,26.8,0.925,26.8,0.77
26.9,0.88,26.9,0.9899497487437185,26.9,0.900497512437811,26.9,0.815,26.9,0.925,26.9,0.77
27.0,0.88,27.0,0.9899497487437185,27.0,0.900497512437811,27.0,0.815,27.0,0.925,27.0,0.77
27.1,0.882,27.1,0.9899497487437185,27.1,0.900497512437811,27.1,0.82,27.1,0.93,27.1,0.77
27.2,0.882,27.2,0.9899497487437185,27.2,0.900497512437811,27.2,0.82,27.2,0.93,27.2,0.77
27.3,0.882,27.3,0.9899497487437185,27.3,0.900497512437811,27.3,0.82,27.3,0.93,27.3,0.77
27.4,0.882,27.4,0.9899497487437185,27.4,0.900497512437811,27.4,0.82,27.4,0.93,27.4,0.77
27.5,0.884,27.5,0.9899497487437185,27.5,0.9054726368159204,27.5,0.82,27.5,0.935,27.5,0.77
27.6,0.884,27.6,0.9899497487437185,27.6,0.9054726368159204,27.6,0.82,27.6,0.935,27.6,0.77
27.7,0.886,27.7,0.9899497487437185,27.7,0.9104477611940298,27.7,0.825,27.7,0.935,27.7,0.77
27.8,0.886,27.8,0.9899497487437185,27.8,0.9104477611940298,27.8,0.825,27.8,0.935,27.8,0.77
27.9,0.887,27.9,0.9899497487437185,27.9,0.9104477611940298,27.9,0.83,27.9,0.935,27.9,0.77
28.0,0.888,28.0,0.9899497487437185,28.0,0.9104477611940298,28.0,0.83,28.0,0.94,28.0,0.77
28.1,0.888,28.1,0.9899497487437185,28.1,0.9104477611940298,28.1,0.83,28.1,0.94,28.1,0.77
28.2,0.889,28.2,0.9899497487437185,28.2,0.9104477611940298,28.2,0.835,28.2,0.94,28.2,0.77
28.3,0.889,28.3,0.9899497487437185,28.3,0.9104477611940298,28.3,0.835,28.3,0.94,28.3,0.77
28.4,0.889,28.4,0.9899497487437185,28.4,0.9104477611940298,28.4,0.835,28.4,0.94,28.4,0.77
28.5,0.89,28.5,0.9899497487437185,28.5,0.9104477611940298,28.5,0.835,28.5,0.94,28.5,0.775
28.6,0.892,28.6,0.9899497487437185,28.6,0.9154228855721394,28.6,0.84,28.6,0.94,28.6,0.775
28.7,0.893,28.7,0.9899497487437185,28.7,0.9154228855721394,28.7,0.845,28.7,0.94,28.7,0.775
28.8,0.893,28.8,0.9899497487437185,28.8,0.9154228855721394,28.8,0.845,28.8,0.94,28.8,0.775
28.9,0.893,28.9,0.9899497487437185,28.9,0.9154228855721394,28.9,0.845,28.9,0.94,28.9,0.775
29.0,0.895,29.0,0.9899497487437185,29.0,0.9154228855721394,29.0,0.85,29.0,0.94,29.0,0.78
29.1,0.895,29.1,0.9899497487437185,29.1,0.9154228855721394,29.1,0.85,29.1,0.94,29.1,0.78
29.2,0.896,29.2,0.9899497487437185,29.2,0.9154228855721394,29.2,0.85,29.2,0.945,29.2,0.78
29.3,0.898,29.3,0.9899497487437185,29.3,0.9154228855721394,29.3,0.85,29.3,0.945,29.3,0.79
29.4,0.899,29.4,0.9899497487437185,29.4,0.9154228855721394,29.4,0.85,29.4,0.945,29.4,0.795
29.5,0.9,29.5,0.9899497487437185,29.5,0.9154228855721394,29.5,0.85,29.5,0.945,29.5,0.8
29.6,0.9,29.6,0.9899497487437185,29.6,0.9154228855721394,29.6,0.85,29.6,0.945,29.6,0.8
29.7,0.9,29.7,0.9899497487437185,29.7,0.9154228855721394,29.7,0.85,29.7,0.945,29.7,0.8
29.8,0.9,29.8,0.9899497487437185,29.8,0.9154228855721394,29.8,0.85,29.8,0.945,29.8,0.8
29.9,0.902,29.9,0.9899497487437185,29.9,0.9203980099502488,29.9,0.85,29.9,0.945,29.9,0.805
30.0,0.905,30.0,0.9899497487437185,30.0,0.9203980099502488,30.0,0.85,30.0,0.95,30.0,0.815
30.1,0.905,30.1,0.9899497487437185,30.1,0.9203980099502488,30.1,0.85,30.1,0.95,30.1,0.815
30.2,0.906,30.2,0.9899497487437185,30.2,0.9203980099502488,30.2,0.85,30.2,0.95,30.2,0.82
30.3,0.906,30.3,0.9899497487437185,30.3,0.9203980099502488,30.3,0.85,30.3,0.95,30.3,0.82
30.4,0.907,30.4,0.9899497487437185,30.4,0.9203980099502488,30.4,0.85,30.4,0.95,30.4,0.825
30.5,0.908,30.5,0.9899497487437185,30.5,0.9203980099502488,30.5,0.85,30.5,0.95,30.5,0.83
30.6,0.91,30.6,0.9899497487437185,30.6,0.9203980099502488,30.6,0.85,30.6,0.95,30.6,0.84
30.7,0.911,30.7,0.9899497487437185,30.7,0.9203980099502488,30.7,0.85,30.7,0.955,30.7,0.84
30.8,0.911,30.8,0.9899497487437185,30.8,0.9203980099502488,30.8,0.85,30.8,0.955,30.8,0.84
30.9,0.911,30.9,0.9899497487437185,30.9,0.9203980099502488,30.9,0.85,30.9,0.955,30.9,0.84
31.0,0.911,31.0,0.9899497487437185,31.0,0.9203980099502488,31.0,0.85,31.0,0.955,31.0,0.84
31.1,0.911,31.1,0.9899497487437185,31.1,0.9203980099502488,31.1,0.85,31.1,0.955,31.1,0.84
31.2,0.911,31.2,0.9899497487437185,31.2,0.9203980099502488,31.2,0.85,31.2,0.955,31.2,0.84
31.3,0.912,31.3,0.9899497487437185,31.3,0.9203980099502488,31.3,0.85,31.3,0.96,31.3,0.84
31.4,0.912,31.4,0.9899497487437185,31.4,0.9203980099502488,31.4,0.85,31.4,0.96,31.4,0.84
31.5,0.912,31.5,0.9899497487437185,31.5,0.9203980099502488,31.5,0.85,31.5,0.96,31.5,0.84
31.6,0.912,31.6,0.9899497487437185,31.6,0.9203980099502488,31.6,0.85,31.6,0.96,31.6,0.84
31.7,0.913,31.7,0.9899497487437185,31.7,0.9203980099502488,31.7,0.85,31.7,0.96,31.7,0.845
31.8,0.913,31.8,0.9899497487437185,31.8,0.9203980099502488,31.8,0.85,31.8,0.96,31.8,0.845
31.9,0.913,31.9,0.9899497487437185,31.9,0.9203980099502488,31.9,0.85,31.9,0.96,31.9,0.845
32.0,0.914,32.0,0.9899497487437185,32.0,0.9203980099502488,32.0,0.85,32.0,0.96,32.0,0.85
32.1,0.914,32.1,0.9899497487437185,32.1,0.9203980099502488,32.1,0.85,32.1,0.96,32.1,0.85
32.2,0.915,32.2,0.9899497487437185,32.2,0.9203980099502488,32.2,0.855,32.2,0.96,32.2,0.85
32.3,0.916,32.3,0.9899497487437185,32.3,0.9203980099502488,32.3,0.86,32.3,0.96,32.3,0.85
32.4,0.917,32.4,0.9899497487437185,32.4,0.9203980099502488,32.4,0.86,32.4,0.96,32.4,0.855
32.5,0.917,32.5,0.9899497487437185,32.5,0.9203980099502488,32.5,0.86,32.5,0.96,32.5,0.855
32.6,0.917,32.6,0.9899497487437185,32.6,0.9203980099502488,32.6,0.86,32.6,0.96,32.6,0.855
32.7,0.918,32.7,0.9899497487437185,32.7,0.9203980099502488,32.7,0.86,32.7,0.96,32.7,0.86
32.8,0.918,32.8,0.9899497487437185,32.8,0.9203980099502488,32.8,0.86,32.8,0.96,32.8,0.86
32.9,0.918,32.9,0.9899497487437185,32.9,0.9203980099502488,32.9,0.86,32.9,0.96,32.9,0.86
33.0,0.918,33.0,0.9899497487437185,33.0,0.9203980099502488,33.0,0.86,33.0,0.96,33.0,0.86
33.1,0.918,33.1,0.9899497487437185,33.1,0.9203980099502488,33.1,0.86,33.1,0.96,33.1,0.86
33.2,0.919,33.2,0.9899497487437185,33.2,0.9203980099502488,33.2,0.865,33.2,0.96,33.2,0.86
33.3,0.92,33.3,0.9949748743718593,33.3,0.9203980099502488,33.3,0.865,33.3,0.96,33.3,0.86
33.4,0.92,33.4,0.9949748743718593,33.4,0.9203980099502488,33.4,0.865,33.4,0.96,33.4,0.86
33.5,0.92,33.5,0.9949748743718593,33.5,0.9203980099502488,33.5,0.865,33.5,0.96,33.5,0.86
33.6,0.92,33.6,0.9949748743718593,33.6,0.9203980099502488,33.6,0.865,33.6,0.96,33.6,0.86
33.7,0.921,33.7,0.9949748743718593,33.7,0.9203980099502488,33.7,0.87,33.7,0.96,33.7,0.86
33.8,0.921,33.8,0.9949748743718593,33.8,0.9203980099502488,33.8,0.87,33.8,0.96,33.8,0.86
33.9,0.922,33.9,0.9949748743718593,33.9,0.9203980099502488,33.9,0.87,33.9,0.96,33.9,0.865
34.0,0.923,34.0,0.9949748743718593,34.0,0.9253731343283582,34.0,0.87,34.0,0.96,34.0,0.865
34.1,0.923,34.1,0.9949748743718593,34.1,0.9253731343283582,34.1,0.87,34.1,0.96,34.1,0.865
34.2,0.925,34.2,0.9949748743718593,34.2,0.9303482587064676,34.2,0.875,34.2,0.96,34.2,0.865
34.3,0.925,34.3,0.9949748743718593,34.3,0.9303482587064676,34.3,0.875,34.3,0.96,34.3,0.865
34.4,0.925,34.4,0.9949748743718593,34.4,0.9303482587064676,34.4,0.875,34.4,0.96,34.4,0.865
34.5,0.925,34.5,0.9949748743718593,34.5,0.9303482587064676,34.5,0.875,34.5,0.96,34.5,0.865
34.6,0.925,34.6,0.9949748743718593,34.6,0.9303482587064676,34.6,0.875,34.6,0.96,34.6,0.865
34.7,0.926,34.7,0.9949748743718593,34.7,0.9303482587064676,34.7,0.875,34.7,0.96,34.7,0.87
34.8,0.927,34.8,0.9949748743718593,34.8,0.9303482587064676,34.8,0.875,34.8,0.96,34.8,0.875
34.9,0.928,34.9,0.9949748743718593,34.9,0.9303482587064676,34.9,0.875,34.9,0.96,34.9,0.88
35.0,0.929,35.0,0.9949748743718593,35.0,0.9303482587064676,35.0,0.875,35.0,0.96,35.0,0.885
35.1,0.93,35.1,0.9949748743718593,35.1,0.9303482587064676,35.1,0.88,35.1,0.96,35.1,0.885
35.2,0.93,35.2,0.9949748743718593,35.2,0.9303482587064676,35.2,0.88,35.2,0.96,35.2,0.885
35.3,0.93,35.3,0.9949748743718593,35.3,0.9303482587064676,35.3,0.88,35.3,0.96,35.3,0.885
35.4,0.93,35.4,0.9949748743718593,35.4,0.9303482587064676,35.4,0.88,35.4,0.96,35.4,0.885
35.5,0.93,35.5,0.9949748743718593,35.5,0.9303482587064676,35.5,0.88,35.5,0.96,35.5,0.885
35.6,0.93,35.6,0.9949748743718593,35.6,0.9303482587064676,35.6,0.88,35.6,0.96,35.6,0.885
35.7,0.93,35.7,0.9949748743718593,35.7,0.9303482587064676,35.7,0.88,35.7,0.96,35.7,0.885
35.8,0.93,35.8,0.9949748743718593,35.8,0.9303482587064676,35.8,0.88,35.8,0.96,35.8,0.885
35.9,0.931,35.9,0.9949748743718593,35.9,0.9303482587064676,35.9,0.88,35.9,0.965,35.9,0.885
36.0,0.931,36.0,0.9949748743718593,36.0,0.9303482587064676,36.0,0.88,36.0,0.965,36.0,0.885
36.1,0.932,36.1,0.9949748743718593,36.1,0.9353233830845771,36.1,0.88,36.1,0.965,36.1,0.885
36.2,0.932,36.2,0.9949748743718593,36.2,0.9353233830845771,36.2,0.88,36.2,0.965,36.2,0.885
36.3,0.932,36.3,0.9949748743718593,36.3,0.9353233830845771,36.3,0.88,36.3,0.965,36.3,0.885
36.4,0.933,36.4,0.9949748743718593,36.4,0.9353233830845771,36.4,0.88,36.4,0.965,36.4,0.89
36.5,0.934,36.5,0.9949748743718593,36.5,0.9353233830845771,36.5,0.885,36.5,0.965,36.5,0.89
36.6,0.934,36.6,0.9949748743718593,36.6,0.9353233830845771,36.6,0.885,36.6,0.965,36.6,0.89
36.7,0.934,36.7,0.9949748743718593,36.7,0.9353233830845771,36.7,0.885,36.7,0.965,36.7,0.89
36.8,0.935,36.8,1.0,36.8,0.9353233830845771,36.8,0.885,36.8,0.965,36.8,0.89
36.9,0.936,36.9,1.0,36.9,0.9402985074626866,36.9,0.885,36.9,0.965,36.9,0.89
37.0,0.936,37.0,1.0,37.0,0.9402985074626866,37.0,0.885,37.0,0.965,37.0,0.89
37.1,0.937,37.1,1.0,37.1,0.9402985074626866,37.1,0.885,37.1,0.965,37.1,0.895
37.2,0.938,37.2,1.0,37.2,0.9402985074626866,37.2,0.885,37.2,0.97,37.2,0.895
37.3,0.938,37.3,1.0,37.3,0.9402985074626866,37.3,0.885,37.3,0.97,37.3,0.895
37.4,0.938,37.4,1.0,37.4,0.9402985074626866,37.4,0.885,37.4,0.97,37.4,0.895
37.5,0.938,37.5,1.0,37.5,0.9402985074626866,37.5,0.885,37.5,0.97,37.5,0.895
37.6,0.939,37.6,1.0,37.6,0.9402985074626866,37.6,0.89,37.6,0.97,37.6,0.895
37.7,0.94,37.7,1.0,37.7,0.945273631840796,37.7,0.89,37.7,0.97,37.7,0.895
37.8,0.941,37.8,1.0,37.8,0.9502487562189055,37.8,0.89,37.8,0.97,37.8,0.895
37.9,0.941,37.9,1.0,37.9,0.9502487562189055,37.9,0.89,37.9,0.97,37.9,0.895
38.0,0.941,38.0,1.0,38.0,0.9502487562189055,38.0,0.89,38.0,0.97,38.0,0.895
38.1,0.941,38.1,1.0,38.1,0.9502487562189055,38.1,0.89,38.1,0.97,38.1,0.895
38.2,0.942,38.2,1.0,38.2,0.9552238805970149,38.2,0.89,38.2,0.97,38.2,0.895
38.3,0.942,38.3,1.0,38.3,0.9552238805970149,38.3,0.89,38.3,0.97,38.3,0.895
38.4,0.943,38.4,1.0,38.4,0.9552238805970149,38.4,0.89,38.4,0.975,38.4,0.895
38.5,0.943,38.5,1.0,38.5,0.9552238805970149,38.5,0.89,38.5,0.975,38.5,0.895
38.6,0.944,38.6,1.0,38.6,0.9552238805970149,38.6,0.895,38.6,0.975,38.6,0.895
38.7,0.944,38.7,1.0,38.7,0.9552238805970149,38.7,0.895,38.7,0.975,38.7,0.895
38.8,0.944,38.8,1.0,38.8,0.9552238805970149,38.8,0.895,38.8,0.975,38.8,0.895
38.9,0.946,38.9,1.0,38.9,0.9601990049751243,38.9,0.895,38.9,0.975,38.9,0.9
39.0,0.947,39.0,1.0,39.0,0.9601990049751243,39.0,0.895,39.0,0.975,39.0,0.905
39.1,0.948,39.1,1.0,39.1,0.9601990049751243,39.1,0.9,39.1,0.975,39.1,0.905
39.2,0.948,39.2,1.0,39.2,0.9601990049751243,39.2,0.9,39.2,0.975,39.2,0.905
39.3,0.949,39.3,1.0,39.3,0.9601990049751243,39.3,0.905,39.3,0.975,39.3,0.905
39.4,0.949,39.4,1.0,39.4,0.9601990049751243,39.4,0.905,39.4,0.975,39.4,0.905
39.5,0.949,39.5,1.0,39.5,0.9601990049751243,39.5,0.905,39.5,0.975,39.5,0.905
39.6,0.949,39.6,1.0,39.6,0.9601990049751243,39.6,0.905,39.6,0.975,39.6,0.905
39.7,0.95,39.7,1.0,39.7,0.9601990049751243,39.7,0.905,39.7,0.975,39.7,0.91
39.8,0.95,39.8,1.0,39.8,0.9601990049751243,39.8,0.905,39.8,0.975,39.8,0.91
39.9,0.95,39.9,1.0,39.9,0.9601990049751243,39.9,0.905,39.9,0.975,39.9,0.91
40.0,0.95,40.0,1.0,40.0,0.9601990049751243,40.0,0.905,40.0,0.975,40.0,0.91
40.1,0.951,40.1,1.0,40.1,0.9601990049751243,40.1,0.91,40.1,0.975,40.1,0.91
40.2,0.951,40.2,1.0,40.2,0.9601990049751243,40.2,0.91,40.2,0.975,40.2,0.91
40.3,0.951,40.3,1.0,40.3,0.9601990049751243,40.3,0.91,40.3,0.975,40.3,0.91
40.4,0.951,40.4,1.0,40.4,0.9601990049751243,40.4,0.91,40.4,0.975,40.4,0.91
40.5,0.953,40.5,1.0,40.5,0.9651741293532339,40.5,0.91,40.5,0.975,40.5,0.915
40.6,0.956,40.6,1.0,40.6,0.9701492537313433,40.6,0.915,40.6,0.98,40.6,0.915
40.7,0.957,40.7,1.0,40.7,0.9701492537313433,40.7,0.92,40.7,0.98,40.7,0.915
40.8,0.957,40.8,1.0,40.8,0.9701492537313433,40.8,0.92,40.8,0.98,40.8,0.915
40.9,0.959,40.9,1.0,40.9,0.9701492537313433,40.9,0.925,40.9,0.985,40.9,0.915
41.0,0.959,41.0,1.0,41.0,0.9701492537313433,41.0,0.925,41.0,0.985,41.0,0.915
41.1,0.959,41.1,1.0,41.1,0.9701492537313433,41.1,0.925,41.1,0.985,41.1,0.915
41.2,0.96,41.2,1.0,41.2,0.9701492537313433,41.2,0.925,41.2,0.99,41.2,0.915
41.3,0.961,41.3,1.0,41.3,0.9701492537313433,41.3,0.93,41.3,0.99,41.3,0.915
41.4,0.962,41.4,1.0,41.4,0.9701492537313433,41.4,0.93,41.4,0.99,41.4,0.92
41.5,0.963,41.5,1.0,41.5,0.9701492537313433,41.5,0.935,41.5,0.99,41.5,0.92
41.6,0.965,41.6,1.0,41.6,0.9751243781094527,41.6,0.94,41.6,0.99,41.6,0.92
41.7,0.965,41.7,1.0,41.7,0.9751243781094527,41.7,0.94,41.7,0.99,41.7,0.92
41.8,0.966,41.8,1.0,41.8,0.9751243781094527,41.8,0.945,41.8,0.99,41.8,0.92
41.9,0.966,41.9,1.0,41.9,0.9751243781094527,41.9,0.945,41.9,0.99,41.9,0.92
42.0,0.966,42.0,1.0,42.0,0.9751243781094527,42.0,0.945,42.0,0.99,42.0,0.92
42.1,0.966,42.1,1.0,42.1,0.9751243781094527,42.1,0.945,42.1,0.99,42.1,0.92
42.2,0.967,42.2,1.0,42.2,0.9751243781094527,42.2,0.945,42.2,0.99,42.2,0.925
42.3,0.967,42.3,1.0,42.3,0.9751243781094527,42.3,0.945,42.3,0.99,42.3,0.925
42.4,0.967,42.4,1.0,42.4,0.9751243781094527,42.4,0.945,42.4,0.99,42.4,0.925
42.5,0.967,42.5,1.0,42.5,0.9751243781094527,42.5,0.945,42.5,0.99,42.5,0.925
42.6,0.967,42.6,1.0,42.6,0.9751243781094527,42.6,0.945,42.6,0.99,42.6,0.925
42.7,0.969,42.7,1.0,42.7,0.9751243781094527,42.7,0.955,42.7,0.99,42.7,0.925
42.8,0.969,42.8,1.0,42.8,0.9751243781094527,42.8,0.955,42.8,0.99,42.8,0.925
42.9,0.969,42.9,1.0,42.9,0.9751243781094527,42.9,0.955,42.9,0.99,42.9,0.925
43.0,0.969,43.0,1.0,43.0,0.9751243781094527,43.0,0.955,43.0,0.99,43.0,0.925
43.1,0.969,43.1,1.0,43.1,0.9751243781094527,43.1,0.955,43.1,0.99,43.1,0.925
43.2,0.972,43.2,1.0,43.2,0.9800995024875622,43.2,0.96,43.2,0.99,43.2,0.93
43.3,0.972,43.3,1.0,43.3,0.9800995024875622,43.3,0.96,43.3,0.99,43.3,0.93
43.4,0.972,43.4,1.0,43.4,0.9800995024875622,43.4,0.96,43.4,0.99,43.4,0.93
43.5,0.972,43.5,1.0,43.5,0.9800995024875622,43.5,0.96,43.5,0.99,43.5,0.93
43.6,0.972,43.6,1.0,43.6,0.9800995024875622,43.6,0.96,43.6,0.99,43.6,0.93
43.7,0.972,43.7,1.0,43.7,0.9800995024875622,43.7,0.96,43.7,0.99,43.7,0.93
43.8,0.973,43.8,1.0,43.8,0.9800995024875622,43.8,0.96,43.8,0.99,43.8,0.935
43.9,0.975,43.9,1.0,43.9,0.9800995024875622,43.9,0.96,43.9,0.99,43.9,0.945
44.0,0.975,44.0,1.0,44.0,0.9800995024875622,44.0,0.96,44.0,0.99,44.0,0.945
44.1,0.977,44.1,1.0,44.1,0.9800995024875622,44.1,0.965,44.1,0.99,44.1,0.95
44.2,0.978,44.2,1.0,44.2,0.9800995024875622,44.2,0.965,44.2,0.99,44.2,0.955
44.3,0.978,44.3,1.0,44.3,0.9800995024875622,44.3,0.965,44.3,0.99,44.3,0.955
44.4,0.979,44.4,1.0,44.4,0.9800995024875622,44.4,0.97,44.4,0.99,44.4,0.955
44.5,0.98,44.5,1.0,44.5,0.9800995024875622,44.5,0.97,44.5,0.99,44.5,0.96
44.6,0.983,44.6,1.0,44.6,0.9800995024875622,44.6,0.975,44.6,0.99,44.6,0.97
44.7,0.983,44.7,1.0,44.7,0.9800995024875622,44.7,0.975,44.7,0.99,44.7,0.97
44.8,0.984,44.8,1.0,44.8,0.9850746268656716,44.8,0.975,44.8,0.99,44.8,0.97
44.9,0.985,44.9,1.0,44.9,0.9850746268656716,44.9,0.975,44.9,0.995,44.9,0.97
45.0,0.986,45.0,1.0,45.0,0.9850746268656716,45.0,0.975,45.0,0.995,45.0,0.975
45.1,0.986,45.1,1.0,45.1,0.9850746268656716,45.1,0.975,45.1,0.995,45.1,0.975
45.2,0.986,45.2,1.0,45.2,0.9850746268656716,45.2,0.975,45.2,0.995,45.2,0.975
45.3,0.986,45.3,1.0,45.3,0.9850746268656716,45.3,0.975,45.3,0.995,45.3,0.975
45.4,0.986,45.4,1.0,45.4,0.9850746268656716,45.4,0.975,45.4,0.995,45.4,0.975
45.5,0.986,45.5,1.0,45.5,0.9850746268656716,45.5,0.975,45.5,0.995,45.5,0.975
45.6,0.986,45.6,1.0,45.6,0.9850746268656716,45.6,0.975,45.6,0.995,45.6,0.975
45.7,0.987,45.7,1.0,45.7,0.9850746268656716,45.7,0.98,45.7,0.995,45.7,0.975
45.8,0.987,45.8,1.0,45.8,0.9850746268656716,45.8,0.98,45.8,0.995,45.8,0.975
45.9,0.987,45.9,1.0,45.9,0.9850746268656716,45.9,0.98,45.9,0.995,45.9,0.975
46.0,0.987,46.0,1.0,46.0,0.9850746268656716,46.0,0.98,46.0,0.995,46.0,0.975
46.1,0.987,46.1,1.0,46.1,0.9850746268656716,46.1,0.98,46.1,0.995,46.1,0.975
46.2,0.987,46.2,1.0,46.2,0.9850746268656716,46.2,0.98,46.2,0.995,46.2,0.975
46.3,0.987,46.3,1.0,46.3,0.9850746268656716,46.3,0.98,46.3,0.995,46.3,0.975
46.4,0.987,46.4,1.0,46.4,0.9850746268656716,46.4,0.98,46.4,0.995,46.4,0.975
46.5,0.987,46.5,1.0,46.5,0.9850746268656716,46.5,0.98,46.5,0.995,46.5,0.975
46.6,0.987,46.6,1.0,46.6,0.9850746268656716,46.6,0.98,46.6,0.995,46.6,0.975
46.7,0.987,46.7,1.0,46.7,0.9850746268656716,46.7,0.98,46.7,0.995,46.7,0.975
46.8,0.987,46.8,1.0,46.8,0.9850746268656716,46.8,0.98,46.8,0.995,46.8,0.975
46.9,0.987,46.9,1.0,46.9,0.9850746268656716,46.9,0.98,46.9,0.995,46.9,0.975
47.0,0.987,47.0,1.0,47.0,0.9850746268656716,47.0,0.98,47.0,0.995,47.0,0.975
47.1,0.988,47.1,1.0,47.1,0.9850746268656716,47.1,0.985,47.1,0.995,47.1,0.975
47.2,0.988,47.2,1.0,47.2,0.9850746268656716,47.2,0.985,47.2,0.995,47.2,0.975
47.3,0.989,47.3,1.0,47.3,0.9850746268656716,47.3,0.985,47.3,0.995,47.3,0.98
47.4,0.989,47.4,1.0,47.4,0.9850746268656716,47.4,0.985,47.4,0.995,47.4,0.98
47.5,0.989,47.5,1.0,47.5,0.9850746268656716,47.5,0.985,47.5,0.995,47.5,0.98
47.6,0.989,47.6,1.0,47.6,0.9850746268656716,47.6,0.985,47.6,0.995,47.6,0.98
47.7,0.99,47.7,1.0,47.7,0.9850746268656716,47.7,0.985,47.7,0.995,47.7,0.985
47.8,0.99,47.8,1.0,47.8,0.9850746268656716,47.8,0.985,47.8,0.995,47.8,0.985
47.9,0.99,47.9,1.0,47.9,0.9850746268656716,47.9,0.985,47.9,0.995,47.9,0.985
48.0,0.99,48.0,1.0,48.0,0.9850746268656716,48.0,0.985,48.0,0.995,48.0,0.985
48.1,0.99,48.1,1.0,48.1,0.9850746268656716,48.1,0.985,48.1,0.995,48.1,0.985
48.2,0.99,48.2,1.0,48.2,0.9850746268656716,48.2,0.985,48.2,0.995,48.2,0.985
48.3,0.991,48.3,1.0,48.3,0.9900497512437811,48.3,0.985,48.3,0.995,48.3,0.985
48.4,0.991,48.4,1.0,48.4,0.9900497512437811,48.4,0.985,48.4,0.995,48.4,0.985
48.5,0.991,48.5,1.0,48.5,0.9900497512437811,48.5,0.985,48.5,0.995,48.5,0.985
48.6,0.991,48.6,1.0,48.6,0.9900497512437811,48.6,0.985,48.6,0.995,48.6,0.985
48.7,0.991,48.7,1.0,48.7,0.9900497512437811,48.7,0.985,48.7,0.995,48.7,0.985
48.8,0.991,48.8,1.0,48.8,0.9900497512437811,48.8,0.985,48.8,0.995,48.8,0.985
48.9,0.991,48.9,1.0,48.9,0.9900497512437811,48.9,0.985,48.9,0.995,48.9,0.985
49.0,0.991,49.0,1.0,49.0,0.9900497512437811,49.0,0.985,49.0,0.995,49.0,0.985
49.1,0.991,49.1,1.0,49.1,0.9900497512437811,49.1,0.985,49.1,0.995,49.1,0.985
49.2,0.991,49.2,1.0,49.2,0.9900497512437811,49.2,0.985,49.2,0.995,49.2,0.985
49.3,0.991,49.3,1.0,49.3,0.9900497512437811,49.3,0.985,49.3,0.995,49.3,0.985
49.4,0.991,49.4,1.0,49.4,0.9900497512437811,49.4,0.985,49.4,0.995,49.4,0.985
49.5,0.991,49.5,1.0,49.5,0.9900497512437811,49.5,0.985,49.5,0.995,49.5,0.985
49.6,0.991,49.6,1.0,49.6,0.9900497512437811,49.6,0.985,49.6,0.995,49.6,0.985
49.7,0.991,49.7,1.0,49.7,0.9900497512437811,49.7,0.985,49.7,0.995,49.7,0.985
49.8,0.991,49.8,1.0,49.8,0.9900497512437811,49.8,0.985,49.8,0.995,49.8,0.985
49.9,0.991,49.9,1.0,49.9,0.9900497512437811,49.9,0.985,49.9,0.995,49.9,0.985
50.0,0.991,50.0,1.0,50.0,0.9900497512437811,50.0,0.985,50.0,0.995,50.0,0.985
50.1,0.991,50.1,1.0,50.1,0.9900497512437811,50.1,0.985,50.1,0.995,50.1,0.985
50.2,0.991,50.2,1.0,50.2,0.9900497512437811,50.2,0.985,50.2,0.995,50.2,0.985
50.3,0.991,50.3,1.0,50.3,0.9900497512437811,50.3,0.985,50.3,0.995,50.3,0.985
50.4,0.991,50.4,1.0,50.4,0.9900497512437811,50.4,0.985,50.4,0.995,50.4,0.985
50.5,0.991,50.5,1.0,50.5,0.9900497512437811,50.5,0.985,50.5,0.995,50.5,0.985
50.6,0.991,50.6,1.0,50.6,0.9900497512437811,50.6,0.985,50.6,0.995,50.6,0.985
50.7,0.991,50.7,1.0,50.7,0.9900497512437811,50.7,0.985,50.7,0.995,50.7,0.985
50.8,0.991,50.8,1.0,50.8,0.9900497512437811,50.8,0.985,50.8,0.995,50.8,0.985
50.9,0.991,50.9,1.0,50.9,0.9900497512437811,50.9,0.985,50.9,0.995,50.9,0.985
51.0,0.991,51.0,1.0,51.0,0.9900497512437811,51.0,0.985,51.0,0.995,51.0,0.985
51.1,0.991,51.1,1.0,51.1,0.9900497512437811,51.1,0.985,51.1,0.995,51.1,0.985
51.2,0.991,51.2,1.0,51.2,0.9900497512437811,51.2,0.985,51.2,0.995,51.2,0.985
51.3,0.991,51.3,1.0,51.3,0.9900497512437811,51.3,0.985,51.3,0.995,51.3,0.985
51.4,0.991,51.4,1.0,51.4,0.9900497512437811,51.4,0.985,51.4,0.995,51.4,0.985
51.5,0.991,51.5,1.0,51.5,0.9900497512437811,51.5,0.985,51.5,0.995,51.5,0.985
51.6,0.991,51.6,1.0,51.6,0.9900497512437811,51.6,0.985,51.6,0.995,51.6,0.985
51.7,0.991,51.7,1.0,51.7,0.9900497512437811,51.7,0.985,51.7,0.995,51.7,0.985
51.8,0.991,51.8,1.0,51.8,0.9900497512437811,51.8,0.985,51.8,0.995,51.8,0.985
51.9,0.991,51.9,1.0,51.9,0.9900497512437811,51.9,0.985,51.9,0.995,51.9,0.985
52.0,0.991,52.0,1.0,52.0,0.9900497512437811,52.0,0.985,52.0,0.995,52.0,0.985
52.1,0.991,52.1,1.0,52.1,0.9900497512437811,52.1,0.985,52.1,0.995,52.1,0.985
52.2,0.991,52.2,1.0,52.2,0.9900497512437811,52.2,0.985,52.2,0.995,52.2,0.985
52.3,0.991,52.3,1.0,52.3,0.9900497512437811,52.3,0.985,52.3,0.995,52.3,0.985
52.4,0.992,52.4,1.0,52.4,0.9900497512437811,52.4,0.985,52.4,0.995,52.4,0.99
52.5,0.992,52.5,1.0,52.5,0.9900497512437811,52.5,0.985,52.5,0.995,52.5,0.99
52.6,0.993,52.6,1.0,52.6,0.9900497512437811,52.6,0.99,52.6,0.995,52.6,0.99
52.7,0.993,52.7,1.0,52.7,0.9900497512437811,52.7,0.99,52.7,0.995,52.7,0.99
52.8,0.994,52.8,1.0,52.8,0.9950248756218906,52.8,0.99,52.8,0.995,52.8,0.99
52.9,0.994,52.9,1.0,52.9,0.9950248756218906,52.9,0.99,52.9,0.995,52.9,0.99
53.0,0.995,53.0,1.0,53.0,0.9950248756218906,53.0,0.99,53.0,0.995,53.0,0.995
53.1,0.996,53.1,1.0,53.1,0.9950248756218906,53.1,0.99,53.1,0.995,53.1,1.0
53.2,0.996,53.2,1.0,53.2,0.9950248756218906,53.2,0.99,53.2,0.995,53.2,1.0
53.3,0.997,53.3,1.0,53.3,0.9950248756218906,53.3,0.995,53.3,0.995,53.3,1.0
53.4,0.997,53.4,1.0,53.4,0.9950248756218906,53.4,0.995,53.4,0.995,53.4,1.0
53.5,0.997,53.5,1.0,53.5,0.9950248756218906,53.5,0.995,53.5,0.995,53.5,1.0
53.6,0.997,53.6,1.0,53.6,0.9950248756218906,53.6,0.995,53.6,0.995,53.6,1.0
53.7,0.997,53.7,1.0,53.7,0.9950248756218906,53.7,0.995,53.7,0.995,53.7,1.0
53.8,0.997,53.8,1.0,53.8,0.9950248756218906,53.8,0.995,53.8,0.995,53.8,1.0
53.9,0.997,53.9,1.0,53.9,0.9950248756218906,53.9,0.995,53.9,0.995,53.9,1.0
54.0,0.997,54.0,1.0,54.0,0.9950248756218906,54.0,0.995,54.0,0.995,54.0,1.0
54.1,0.997,54.1,1.0,54.1,0.9950248756218906,54.1,0.995,54.1,0.995,54.1,1.0
54.2,0.997,54.2,1.0,54.2,0.9950248756218906,54.2,0.995,54.2,0.995,54.2,1.0
54.3,0.997,54.3,1.0,54.3,0.9950248756218906,54.3,0.995,54.3,0.995,54.3,1.0
54.4,0.997,54.4,1.0,54.4,0.9950248756218906,54.4,0.995,54.4,0.995,54.4,1.0
54.5,0.997,54.5,1.0,54.5,0.9950248756218906,54.5,0.995,54.5,0.995,54.5,1.0
54.6,0.997,54.6,1.0,54.6,0.9950248756218906,54.6,0.995,54.6,0.995,54.6,1.0
54.7,0.997,54.7,1.0,54.7,0.9950248756218906,54.7,0.995,54.7,0.995,54.7,1.0
54.8,0.997,54.8,1.0,54.8,0.9950248756218906,54.8,0.995,54.8,0.995,54.8,1.0
54.9,0.997,54.9,1.0,54.9,0.9950248756218906,54.9,0.995,54.9,0.995,54.9,1.0
55.0,0.997,55.0,1.0,55.0,0.9950248756218906,55.0,0.995,55.0,0.995,55.0,1.0
55.1,0.997,55.1,1.0,55.1,0.9950248756218906,55.1,0.995,55.1,0.995,55.1,1.0
55.2,0.997,55.2,1.0,55.2,0.9950248756218906,55.2,0.995,55.2,0.995,55.2,1.0
55.3,0.997,55.3,1.0,55.3,0.9950248756218906,55.3,0.995,55.3,0.995,55.3,1.0
55.4,0.997,55.4,1.0,55.4,0.9950248756218906,55.4,0.995,55.4,0.995,55.4,1.0
55.5,0.997,55.5,1.0,55.5,0.9950248756218906,55.5,0.995,55.5,0.995,55.5,1.0
55.6,0.997,55.6,1.0,55.6,0.9950248756218906,55.6,0.995,55.6,0.995,55.6,1.0
55.7,0.997,55.7,1.0,55.7,0.9950248756218906,55.7,0.995,55.7,0.995,55.7,1.0
55.8,0.997,55.8,1.0,55.8,0.9950248756218906,55.8,0.995,55.8,0.995,55.8,1.0
55.9,0.997,55.9,1.0,55.9,0.9950248756218906,55.9,0.995,55.9,0.995,55.9,1.0
56.0,0.997,56.0,1.0,56.0,0.9950248756218906,56.0,0.995,56.0,0.995,56.0,1.0
56.1,0.997,56.1,1.0,56.1,0.9950248756218906,56.1,0.995,56.1,0.995,56.1,1.0
56.2,0.997,56.2,1.0,56.2,0.9950248756218906,56.2,0.995,56.2,0.995,56.2,1.0
56.3,0.997,56.3,1.0,56.3,0.9950248756218906,56.3,0.995,56.3,0.995,56.3,1.0
56.4,0.997,56.4,1.0,56.4,0.9950248756218906,56.4,0.995,56.4,0.995,56.4,1.0
56.5,0.997,56.5,1.0,56.5,0.9950248756218906,56.5,0.995,56.5,0.995,56.5,1.0
56.6,0.997,56.6,1.0,56.6,0.9950248756218906,56.6,0.995,56.6,0.995,56.6,1.0
56.7,0.997,56.7,1.0,56.7,0.9950248756218906,56.7,0.995,56.7,0.995,56.7,1.0
56.8,0.997,56.8,1.0,56.8,0.9950248756218906,56.8,0.995,56.8,0.995,56.8,1.0
56.9,0.997,56.9,1.0,56.9,0.9950248756218906,56.9,0.995,56.9,0.995,56.9,1.0
57.0,0.997,57.0,1.0,57.0,0.9950248756218906,57.0,0.995,57.0,0.995,57.0,1.0
57.1,0.997,57.1,1.0,57.1,0.9950248756218906,57.1,0.995,57.1,0.995,57.1,1.0
57.2,0.997,57.2,1.0,57.2,0.9950248756218906,57.2,0.995,57.2,0.995,57.2,1.0
57.3,0.997,57.3,1.0,57.3,0.9950248756218906,57.3,0.995,57.3,0.995,57.3,1.0
57.4,0.997,57.4,1.0,57.4,0.9950248756218906,57.4,0.995,57.4,0.995,57.4,1.0
57.5,0.997,57.5,1.0,57.5,0.9950248756218906,57.5,0.995,57.5,0.995,57.5,1.0
57.6,0.997,57.6,1.0,57.6,0.9950248756218906,57.6,0.995,57.6,0.995,57.6,1.0
57.7,0.997,57.7,1.0,57.7,0.9950248756218906,57.7,0.995,57.7,0.995,57.7,1.0
57.8,0.997,57.8,1.0,57.8,0.9950248756218906,57.8,0.995,57.8,0.995,57.8,1.0
57.9,0.997,57.9,1.0,57.9,0.9950248756218906,57.9,0.995,57.9,0.995,57.9,1.0
58.0,0.997,58.0,1.0,58.0,0.9950248756218906,58.0,0.995,58.0,0.995,58.0,1.0
58.1,0.997,58.1,1.0,58.1,0.9950248756218906,58.1,0.995,58.1,0.995,58.1,1.0
58.2,0.997,58.2,1.0,58.2,0.9950248756218906,58.2,0.995,58.2,0.995,58.2,1.0
58.3,0.997,58.3,1.0,58.3,0.9950248756218906,58.3,0.995,58.3,0.995,58.3,1.0
58.4,0.997,58.4,1.0,58.4,0.9950248756218906,58.4,0.995,58.4,0.995,58.4,1.0
58.5,0.997,58.5,1.0,58.5,0.9950248756218906,58.5,0.995,58.5,0.995,58.5,1.0
58.6,0.997,58.6,1.0,58.6,0.9950248756218906,58.6,0.995,58.6,0.995,58.6,1.0
58.7,0.997,58.7,1.0,58.7,0.9950248756218906,58.7,0.995,58.7,0.995,58.7,1.0
58.8,0.997,58.8,1.0,58.8,0.9950248756218906,58.8,0.995,58.8,0.995,58.8,1.0
58.9,0.997,58.9,1.0,58.9,0.9950248756218906,58.9,0.995,58.9,0.995,58.9,1.0
59.0,0.997,59.0,1.0,59.0,0.9950248756218906,59.0,0.995,59.0,0.995,59.0,1.0
59.1,0.997,59.1,1.0,59.1,0.9950248756218906,59.1,0.995,59.1,0.995,59.1,1.0
59.2,0.997,59.2,1.0,59.2,0.9950248756218906,59.2,0.995,59.2,0.995,59.2,1.0
59.3,0.997,59.3,1.0,59.3,0.9950248756218906,59.3,0.995,59.3,0.995,59.3,1.0
59.4,0.997,59.4,1.0,59.4,0.9950248756218906,59.4,0.995,59.4,0.995,59.4,1.0
59.5,0.997,59.5,1.0,59.5,0.9950248756218906,59.5,0.995,59.5,0.995,59.5,1.0
59.6,0.997,59.6,1.0,59.6,0.9950248756218906,59.6,0.995,59.6,0.995,59.6,1.0
59.7,0.997,59.7,1.0,59.7,0.9950248756218906,59.7,0.995,59.7,0.995,59.7,1.0
59.8,0.997,59.8,1.0,59.8,0.9950248756218906,59.8,0.995,59.8,0.995,59.8,1.0
59.9,0.997,59.9,1.0,59.9,0.9950248756218906,59.9,0.995,59.9,0.995,59.9,1.0
60.0,0.997,60.0,1.0,60.0,0.9950248756218906,60.0,0.995,60.0,0.995,60.0,1.0
60.1,0.997,60.1,1.0,60.1,0.9950248756218906,60.1,0.995,60.1,0.995,60.1,1.0
60.2,0.997,60.2,1.0,60.2,0.9950248756218906,60.2,0.995,60.2,0.995,60.2,1.0
60.3,0.997,60.3,1.0,60.3,0.9950248756218906,60.3,0.995,60.3,0.995,60.3,1.0
60.4,0.997,60.4,1.0,60.4,0.9950248756218906,60.4,0.995,60.4,0.995,60.4,1.0
60.5,0.997,60.5,1.0,60.5,0.9950248756218906,60.5,0.995,60.5,0.995,60.5,1.0
60.6,0.997,60.6,1.0,60.6,0.9950248756218906,60.6,0.995,60.6,0.995,60.6,1.0
60.7,0.997,60.7,1.0,60.7,0.9950248756218906,60.7,0.995,60.7,0.995,60.7,1.0
60.8,0.997,60.8,1.0,60.8,0.9950248756218906,60.8,0.995,60.8,0.995,60.8,1.0
60.9,0.997,60.9,1.0,60.9,0.9950248756218906,60.9,0.995,60.9,0.995,60.9,1.0
61.0,0.997,61.0,1.0,61.0,0.9950248756218906,61.0,0.995,61.0,0.995,61.0,1.0
61.1,0.997,61.1,1.0,61.1,0.9950248756218906,61.1,0.995,61.1,0.995,61.1,1.0
61.2,0.997,61.2,1.0,61.2,0.9950248756218906,61.2,0.995,61.2,0.995,61.2,1.0
61.3,0.997,61.3,1.0,61.3,0.9950248756218906,61.3,0.995,61.3,0.995,61.3,1.0
61.4,0.997,61.4,1.0,61.4,0.9950248756218906,61.4,0.995,61.4,0.995,61.4,1.0
61.5,0.997,61.5,1.0,61.5,0.9950248756218906,61.5,0.995,61.5,0.995,61.5,1.0
61.6,0.997,61.6,1.0,61.6,0.9950248756218906,61.6,0.995,61.6,0.995,61.6,1.0
61.7,0.997,61.7,1.0,61.7,0.9950248756218906,61.7,0.995,61.7,0.995,61.7,1.0
61.8,0.997,61.8,1.0,61.8,0.9950248756218906,61.8,0.995,61.8,0.995,61.8,1.0
61.9,0.997,61.9,1.0,61.9,0.9950248756218906,61.9,0.995,61.9,0.995,61.9,1.0
62.0,0.997,62.0,1.0,62.0,0.9950248756218906,62.0,0.995,62.0,0.995,62.0,1.0
62.1,0.997,62.1,1.0,62.1,0.9950248756218906,62.1,0.995,62.1,0.995,62.1,1.0
62.2,0.997,62.2,1.0,62.2,0.9950248756218906,62.2,0.995,62.2,0.995,62.2,1.0
62.3,0.998,62.3,1.0,62.3,0.9950248756218906,62.3,1.0,62.3,0.995,62.3,1.0
62.4,0.998,62.4,1.0,62.4,0.9950248756218906,62.4,1.0,62.4,0.995,62.4,1.0
62.5,0.998,62.5,1.0,62.5,0.9950248756218906,62.5,1.0,62.5,0.995,62.5,1.0
62.6,0.998,62.6,1.0,62.6,0.9950248756218906,62.6,1.0,62.6,0.995,62.6,1.0
62.7,0.998,62.7,1.0,62.7,0.9950248756218906,62.7,1.0,62.7,0.995,62.7,1.0
62.8,0.998,62.8,1.0,62.8,0.9950248756218906,62.8,1.0,62.8,0.995,62.8,1.0
62.9,0.998,62.9,1.0,62.9,0.9950248756218906,62.9,1.0,62.9,0.995,62.9,1.0
63.0,0.998,63.0,1.0,63.0,0.9950248756218906,63.0,1.0,63.0,0.995,63.0,1.0
63.1,0.999,63.1,1.0,63.1,1.0,63.1,1.0,63.1,0.995,63.1,1.0
63.2,0.999,63.2,1.0,63.2,1.0,63.2,1.0,63.2,0.995,63.2,1.0
63.3,0.999,63.3,1.0,63.3,1.0,63.3,1.0,63.3,0.995,63.3,1.0
63.4,0.999,63.4,1.0,63.4,1.0,63.4,1.0,63.4,0.995,63.4,1.0
63.5,0.999,63.5,1.0,63.5,1.0,63.5,1.0,63.5,0.995,63.5,1.0
63.6,0.999,63.6,1.0,63.6,1.0,63.6,1.0,63.6,0.995,63.6,1.0
63.7,0.999,63.7,1.0,63.7,1.0,63.7,1.0,63.7,0.995,63.7,1.0
63.8,0.999,63.8,1.0,63.8,1.0,63.8,1.0,63.8,0.995,63.8,1.0
63.9,0.999,63.9,1.0,63.9,1.0,63.9,1.0,63.9,0.995,63.9,1.0
64.0,0.999,64.0,1.0,64.0,1.0,64.0,1.0,64.0,0.995,64.0,1.0
64.1,0.999,64.1,1.0,64.1,1.0,64.1,1.0,64.1,0.995,64.1,1.0
64.2,0.999,64.2,1.0,64.2,1.0,64.2,1.0,64.2,0.995,64.2,1.0
64.3,0.999,64.3,1.0,64.3,1.0,64.3,1.0,64.3,0.995,64.3,1.0
64.4,0.999,64.4,1.0,64.4,1.0,64.4,1.0,64.4,0.995,64.4,1.0
64.5,0.999,64.5,1.0,64.5,1.0,64.5,1.0,64.5,0.995,64.5,1.0
64.6,0.999,64.6,1.0,64.6,1.0,64.6,1.0,64.6,0.995,64.6,1.0
64.7,0.999,64.7,1.0,64.7,1.0,64.7,1.0,64.7,0.995,64.7,1.0
64.8,0.999,64.8,1.0,64.8,1.0,64.8,1.0,64.8,0.995,64.8,1.0
64.9,0.999,64.9,1.0,64.9,1.0,64.9,1.0,64.9,0.995,64.9,1.0
65.0,0.999,65.0,1.0,65.0,1.0,65.0,1.0,65.0,0.995,65.0,1.0
65.1,0.999,65.1,1.0,65.1,1.0,65.1,1.0,65.1,0.995,65.1,1.0
65.2,0.999,65.2,1.0,65.2,1.0,65.2,1.0,65.2,0.995,65.2,1.0
65.3,0.999,65.3,1.0,65.3,1.0,65.3,1.0,65.3,0.995,65.3,1.0
65.4,0.999,65.4,1.0,65.4,1.0,65.4,1.0,65.4,0.995,65.4,1.0
65.5,0.999,65.5,1.0,65.5,1.0,65.5,1.0,65.5,0.995,65.5,1.0
65.6,0.999,65.6,1.0,65.6,1.0,65.6,1.0,65.6,0.995,65.6,1.0
65.7,0.999,65.7,1.0,65.7,1.0,65.7,1.0,65.7,0.995,65.7,1.0
65.8,0.999,65.8,1.0,65.8,1.0,65.8,1.0,65.8,0.995,65.8,1.0
65.9,0.999,65.9,1.0,65.9,1.0,65.9,1.0,65.9,0.995,65.9,1.0
66.0,0.999,66.0,1.0,66.0,1.0,66.0,1.0,66.0,0.995,66.0,1.0
66.1,0.999,66.1,1.0,66.1,1.0,66.1,1.0,66.1,0.995,66.1,1.0
66.2,0.999,66.2,1.0,66.2,1.0,66.2,1.0,66.2,0.995,66.2,1.0
66.3,0.999,66.3,1.0,66.3,1.0,66.3,1.0,66.3,0.995,66.3,1.0
66.4,0.999,66.4,1.0,66.4,1.0,66.4,1.0,66.4,0.995,66.4,1.0
66.5,0.999,66.5,1.0,66.5,1.0,66.5,1.0,66.5,0.995,66.5,1.0
66.6,0.999,66.6,1.0,66.6,1.0,66.6,1.0,66.6,0.995,66.6,1.0
66.7,0.999,66.7,1.0,66.7,1.0,66.7,1.0,66.7,0.995,66.7,1.0
66.8,0.999,66.8,1.0,66.8,1.0,66.8,1.0,66.8,0.995,66.8,1.0
66.9,0.999,66.9,1.0,66.9,1.0,66.9,1.0,66.9,0.995,66.9,1.0
67.0,0.999,67.0,1.0,67.0,1.0,67.0,1.0,67.0,0.995,67.0,1.0
67.1,0.999,67.1,1.0,67.1,1.0,67.1,1.0,67.1,0.995,67.1,1.0
67.2,1.0,67.2,1.0,67.2,1.0,67.2,1.0,67.2,1.0,67.2,1.0
