x,total,x,googlenet,x,squeezenetv1,x,yolov2,x,vgg19,x,resnet50
1.0,0.0,1.0,0.0,1.0,0.0,1.0,0.0,1.0,0.0,1.0,0.0
1.1,0.358,1.1,0.4368421052631579,1.1,0.4251968503937008,1.1,0.47035573122529645,1.1,0.09271523178807947,1.1,0.2236842105263158
1.2,0.359,1.2,0.4368421052631579,1.2,0.4251968503937008,1.2,0.4743083003952569,1.2,0.09271523178807947,1.2,0.2236842105263158
1.3,0.36,1.3,0.4421052631578947,1.3,0.4251968503937008,1.3,0.4743083003952569,1.3,0.09271523178807947,1.3,0.2236842105263158
1.4,0.361,1.4,0.4421052631578947,1.4,0.42913385826771655,1.4,0.4743083003952569,1.4,0.09271523178807947,1.4,0.2236842105263158
1.5,0.361,1.5,0.4421052631578947,1.5,0.42913385826771655,1.5,0.4743083003952569,1.5,0.09271523178807947,1.5,0.2236842105263158
1.6,0.363,1.6,0.4473684210526316,1.6,0.42913385826771655,1.6,0.4782608695652174,1.6,0.09271523178807947,1.6,0.2236842105263158
1.7,0.364,1.7,0.4473684210526316,1.7,0.4330708661417323,1.7,0.4782608695652174,1.7,0.09271523178807947,1.7,0.2236842105263158
1.8,0.365,1.8,0.4473684210526316,1.8,0.4330708661417323,1.8,0.4782608695652174,1.8,0.09271523178807947,1.8,0.23026315789473684
1.9,0.367,1.9,0.4473684210526316,1.9,0.43700787401574803,1.9,0.48221343873517786,1.9,0.09271523178807947,1.9,0.23026315789473684
2.0,0.369,2.0,0.45263157894736844,2.0,0.43700787401574803,2.0,0.48221343873517786,2.0,0.09271523178807947,2.0,0.23684210526315788
2.1,0.37,2.1,0.45263157894736844,2.1,0.43700787401574803,2.1,0.48221343873517786,2.1,0.09271523178807947,2.1,0.24342105263157895
2.2,0.374,2.2,0.45789473684210524,2.2,0.4448818897637795,2.2,0.48616600790513836,2.2,0.09271523178807947,2.2,0.24342105263157895
2.3,0.375,2.3,0.45789473684210524,2.3,0.4448818897637795,2.3,0.4901185770750988,2.3,0.09271523178807947,2.3,0.24342105263157895
2.4,0.376,2.4,0.4631578947368421,2.4,0.4448818897637795,2.4,0.4901185770750988,2.4,0.09271523178807947,2.4,0.24342105263157895
2.5,0.377,2.5,0.4631578947368421,2.5,0.4448818897637795,2.5,0.4901185770750988,2.5,0.09271523178807947,2.5,0.25
2.6,0.377,2.6,0.4631578947368421,2.6,0.4448818897637795,2.6,0.4901185770750988,2.6,0.09271523178807947,2.6,0.25
2.7,0.379,2.7,0.4631578947368421,2.7,0.452755905511811,2.7,0.4901185770750988,2.7,0.09271523178807947,2.7,0.25
2.8,0.382,2.8,0.46842105263157896,2.8,0.452755905511811,2.8,0.4980237154150198,2.8,0.09271523178807947,2.8,0.25
2.9,0.384,2.9,0.47368421052631576,2.9,0.452755905511811,2.9,0.5019762845849802,2.9,0.09271523178807947,2.9,0.25
3.0,0.389,3.0,0.4789473684210526,3.0,0.46062992125984253,3.0,0.5098814229249012,3.0,0.09271523178807947,3.0,0.25
3.1,0.389,3.1,0.4789473684210526,3.1,0.46062992125984253,3.1,0.5098814229249012,3.1,0.09271523178807947,3.1,0.25
3.2,0.393,3.2,0.4842105263157895,3.2,0.46062992125984253,3.2,0.5177865612648221,3.2,0.09271523178807947,3.2,0.2565789473684211
3.3,0.395,3.3,0.4842105263157895,3.3,0.468503937007874,3.3,0.5177865612648221,3.3,0.09271523178807947,3.3,0.2565789473684211
3.4,0.397,3.4,0.4842105263157895,3.4,0.4763779527559055,3.4,0.5177865612648221,3.4,0.09271523178807947,3.4,0.2565789473684211
3.5,0.4,3.5,0.4842105263157895,3.5,0.484251968503937,3.5,0.5177865612648221,3.5,0.09271523178807947,3.5,0.2631578947368421
3.6,0.402,3.6,0.4842105263157895,3.6,0.484251968503937,3.6,0.5217391304347826,3.6,0.09271523178807947,3.6,0.26973684210526316
3.7,0.404,3.7,0.4842105263157895,3.7,0.4881889763779528,3.7,0.5217391304347826,3.7,0.09933774834437085,3.7,0.26973684210526316
3.8,0.404,3.8,0.4842105263157895,3.8,0.4881889763779528,3.8,0.5217391304347826,3.8,0.09933774834437085,3.8,0.26973684210526316
3.9,0.405,3.9,0.4842105263157895,3.9,0.4921259842519685,3.9,0.5217391304347826,3.9,0.09933774834437085,3.9,0.26973684210526316
4.0,0.41,4.0,0.49473684210526314,4.0,0.49606299212598426,4.0,0.525691699604743,4.0,0.09933774834437085,4.0,0.27631578947368424
4.1,0.414,4.1,0.49473684210526314,4.1,0.5078740157480315,4.1,0.5296442687747036,4.1,0.09933774834437085,4.1,0.27631578947368424
4.2,0.418,4.2,0.5052631578947369,4.2,0.5078740157480315,4.2,0.5375494071146245,4.2,0.09933774834437085,4.2,0.27631578947368424
4.3,0.419,4.3,0.5052631578947369,4.3,0.5078740157480315,4.3,0.541501976284585,4.3,0.09933774834437085,4.3,0.27631578947368424
4.4,0.419,4.4,0.5052631578947369,4.4,0.5078740157480315,4.4,0.541501976284585,4.4,0.09933774834437085,4.4,0.27631578947368424
4.5,0.419,4.5,0.5052631578947369,4.5,0.5078740157480315,4.5,0.541501976284585,4.5,0.09933774834437085,4.5,0.27631578947368424
4.6,0.425,4.6,0.5105263157894737,4.6,0.5196850393700787,4.6,0.5454545454545454,4.6,0.09933774834437085,4.6,0.28289473684210525
4.7,0.426,4.7,0.5105263157894737,4.7,0.5236220472440944,4.7,0.5454545454545454,4.7,0.09933774834437085,4.7,0.28289473684210525
4.8,0.429,4.8,0.5157894736842106,4.8,0.5275590551181102,4.8,0.549407114624506,4.8,0.09933774834437085,4.8,0.28289473684210525
4.9,0.435,4.9,0.5157894736842106,4.9,0.5393700787401575,4.9,0.5573122529644269,4.9,0.09933774834437085,4.9,0.2894736842105263
5.0,0.44,5.0,0.5263157894736842,5.0,0.5433070866141733,5.0,0.5612648221343873,5.0,0.09933774834437085,5.0,0.29605263157894735
5.1,0.443,5.1,0.5263157894736842,5.1,0.5511811023622047,5.1,0.5652173913043478,5.1,0.09933774834437085,5.1,0.29605263157894735
5.2,0.446,5.2,0.531578947368421,5.2,0.5551181102362205,5.2,0.5691699604743083,5.2,0.09933774834437085,5.2,0.29605263157894735
5.3,0.446,5.3,0.531578947368421,5.3,0.5551181102362205,5.3,0.5691699604743083,5.3,0.09933774834437085,5.3,0.29605263157894735
5.4,0.451,5.4,0.5421052631578948,5.4,0.5590551181102362,5.4,0.5731225296442688,5.4,0.09933774834437085,5.4,0.3026315789473684
5.5,0.452,5.5,0.5421052631578948,5.5,0.5590551181102362,5.5,0.5770750988142292,5.5,0.09933774834437085,5.5,0.3026315789473684
5.6,0.456,5.6,0.5473684210526316,5.6,0.5669291338582677,5.6,0.5810276679841897,5.6,0.09933774834437085,5.6,0.3026315789473684
5.7,0.459,5.7,0.5526315789473685,5.7,0.5669291338582677,5.7,0.5889328063241107,5.7,0.09933774834437085,5.7,0.3026315789473684
5.8,0.462,5.8,0.5526315789473685,5.8,0.5669291338582677,5.8,0.6007905138339921,5.8,0.09933774834437085,5.8,0.3026315789473684
5.9,0.466,5.9,0.5578947368421052,5.9,0.5669291338582677,5.9,0.6126482213438735,5.9,0.09933774834437085,5.9,0.3026315789473684
6.0,0.471,6.0,0.5631578947368421,6.0,0.5748031496062992,6.0,0.6205533596837944,6.0,0.09933774834437085,6.0,0.3026315789473684
6.1,0.477,6.1,0.5684210526315789,6.1,0.5826771653543307,6.1,0.6284584980237155,6.1,0.09933774834437085,6.1,0.3092105263157895
6.2,0.482,6.2,0.5736842105263158,6.2,0.594488188976378,6.2,0.6284584980237155,6.2,0.09933774834437085,6.2,0.3157894736842105
6.3,0.483,6.3,0.5736842105263158,6.3,0.5984251968503937,6.3,0.6284584980237155,6.3,0.09933774834437085,6.3,0.3157894736842105
6.4,0.486,6.4,0.5736842105263158,6.4,0.5984251968503937,6.4,0.6403162055335968,6.4,0.09933774834437085,6.4,0.3157894736842105
6.5,0.486,6.5,0.5736842105263158,6.5,0.5984251968503937,6.5,0.6403162055335968,6.5,0.09933774834437085,6.5,0.3157894736842105
6.6,0.489,6.6,0.5789473684210527,6.6,0.6023622047244095,6.6,0.6403162055335968,6.6,0.09933774834437085,6.6,0.3223684210526316
6.7,0.492,6.7,0.5842105263157895,6.7,0.610236220472441,6.7,0.6403162055335968,6.7,0.09933774834437085,6.7,0.3223684210526316
6.8,0.494,6.8,0.5842105263157895,6.8,0.610236220472441,6.8,0.6482213438735178,6.8,0.09933774834437085,6.8,0.3223684210526316
6.9,0.501,6.9,0.5842105263157895,6.9,0.6141732283464567,6.9,0.6640316205533597,6.9,0.09933774834437085,6.9,0.3355263157894737
7.0,0.503,7.0,0.5894736842105263,7.0,0.6141732283464567,7.0,0.6679841897233202,7.0,0.09933774834437085,7.0,0.3355263157894737
7.1,0.506,7.1,0.5894736842105263,7.1,0.6259842519685039,7.1,0.6679841897233202,7.1,0.09933774834437085,7.1,0.3355263157894737
7.2,0.506,7.2,0.5894736842105263,7.2,0.6259842519685039,7.2,0.6679841897233202,7.2,0.09933774834437085,7.2,0.3355263157894737
7.3,0.507,7.3,0.5894736842105263,7.3,0.6299212598425197,7.3,0.6679841897233202,7.3,0.09933774834437085,7.3,0.3355263157894737
7.4,0.512,7.4,0.5947368421052631,7.4,0.6377952755905512,7.4,0.6758893280632411,7.4,0.09933774834437085,7.4,0.3355263157894737
7.5,0.515,7.5,0.5947368421052631,7.5,0.6456692913385826,7.5,0.6758893280632411,7.5,0.09933774834437085,7.5,0.34210526315789475
7.6,0.517,7.6,0.5947368421052631,7.6,0.6496062992125984,7.6,0.6758893280632411,7.6,0.09933774834437085,7.6,0.34868421052631576
7.7,0.526,7.7,0.6052631578947368,7.7,0.65748031496063,7.7,0.6837944664031621,7.7,0.10596026490066225,7.7,0.3618421052631579
7.8,0.535,7.8,0.6157894736842106,7.8,0.6692913385826772,7.8,0.691699604743083,7.8,0.10596026490066225,7.8,0.375
7.9,0.541,7.9,0.6157894736842106,7.9,0.6771653543307087,7.9,0.691699604743083,7.9,0.11258278145695365,7.9,0.39473684210526316
8.0,0.544,8.0,0.6157894736842106,8.0,0.6771653543307087,8.0,0.6956521739130435,8.0,0.12582781456953643,8.0,0.39473684210526316
8.1,0.55,8.1,0.6157894736842106,8.1,0.6889763779527559,8.1,0.6996047430830039,8.1,0.1390728476821192,8.1,0.39473684210526316
8.2,0.556,8.2,0.6210526315789474,8.2,0.6968503937007874,8.2,0.7035573122529645,8.2,0.152317880794702,8.2,0.39473684210526316
8.3,0.561,8.3,0.6210526315789474,8.3,0.7007874015748031,8.3,0.7114624505928854,8.3,0.15894039735099338,8.3,0.40131578947368424
8.4,0.572,8.4,0.6263157894736842,8.4,0.7047244094488189,8.4,0.7233201581027668,8.4,0.16556291390728478,8.4,0.4342105263157895
8.5,0.583,8.5,0.6421052631578947,8.5,0.7086614173228346,8.5,0.7233201581027668,8.5,0.1986754966887417,8.5,0.4473684210526316
8.6,0.588,8.6,0.6526315789473685,8.6,0.7125984251968503,8.6,0.7272727272727273,8.6,0.2052980132450331,8.6,0.4473684210526316
8.7,0.59,8.7,0.6526315789473685,8.7,0.7125984251968503,8.7,0.7272727272727273,8.7,0.2052980132450331,8.7,0.4605263157894737
8.8,0.592,8.8,0.6526315789473685,8.8,0.7125984251968503,8.8,0.7312252964426877,8.8,0.2052980132450331,8.8,0.46710526315789475
8.9,0.594,8.9,0.6526315789473685,8.9,0.7125984251968503,8.9,0.7312252964426877,8.9,0.2119205298013245,8.9,0.47368421052631576
9.0,0.597,9.0,0.6631578947368421,9.0,0.7165354330708661,9.0,0.7312252964426877,9.0,0.2119205298013245,9.0,0.47368421052631576
9.1,0.603,9.1,0.6736842105263158,9.1,0.7283464566929134,9.1,0.7351778656126482,9.1,0.2119205298013245,9.1,0.47368421052631576
9.2,0.605,9.2,0.6736842105263158,9.2,0.7283464566929134,9.2,0.7430830039525692,9.2,0.2119205298013245,9.2,0.47368421052631576
9.3,0.608,9.3,0.6736842105263158,9.3,0.7322834645669292,9.3,0.7509881422924901,9.3,0.2119205298013245,9.3,0.47368421052631576
9.4,0.611,9.4,0.6789473684210526,9.4,0.7401574803149606,9.4,0.7509881422924901,9.4,0.2119205298013245,9.4,0.47368421052631576
9.5,0.613,9.5,0.6842105263157895,9.5,0.7401574803149606,9.5,0.7549407114624506,9.5,0.2119205298013245,9.5,0.47368421052631576
9.6,0.616,9.6,0.6894736842105263,9.6,0.7440944881889764,9.6,0.758893280632411,9.6,0.2119205298013245,9.6,0.47368421052631576
9.7,0.619,9.7,0.6894736842105263,9.7,0.7559055118110236,9.7,0.758893280632411,9.7,0.2119205298013245,9.7,0.47368421052631576
9.8,0.623,9.8,0.6947368421052632,9.8,0.7559055118110236,9.8,0.7628458498023716,9.8,0.2119205298013245,9.8,0.4868421052631579
9.9,0.63,9.9,0.6947368421052632,9.9,0.7598425196850394,9.9,0.7707509881422925,9.9,0.2185430463576159,9.9,0.506578947368421
10.0,0.632,10.0,0.7,10.0,0.7637795275590551,10.0,0.7707509881422925,10.0,0.2185430463576159,10.0,0.506578947368421
10.1,0.632,10.1,0.7,10.1,0.7637795275590551,10.1,0.7707509881422925,10.1,0.2185430463576159,10.1,0.506578947368421
10.2,0.635,10.2,0.7,10.2,0.7755905511811023,10.2,0.7707509881422925,10.2,0.2185430463576159,10.2,0.506578947368421
10.3,0.639,10.3,0.7052631578947368,10.3,0.7795275590551181,10.3,0.7786561264822134,10.3,0.2185430463576159,10.3,0.506578947368421
10.4,0.642,10.4,0.7157894736842105,10.4,0.7834645669291339,10.4,0.7786561264822134,10.4,0.2185430463576159,10.4,0.506578947368421
10.5,0.643,10.5,0.7157894736842105,10.5,0.7834645669291339,10.5,0.782608695652174,10.5,0.2185430463576159,10.5,0.506578947368421
10.6,0.644,10.6,0.7157894736842105,10.6,0.7874015748031497,10.6,0.782608695652174,10.6,0.2185430463576159,10.6,0.506578947368421
10.7,0.646,10.7,0.7157894736842105,10.7,0.7913385826771654,10.7,0.782608695652174,10.7,0.2185430463576159,10.7,0.5131578947368421
10.8,0.65,10.8,0.7263157894736842,10.8,0.7952755905511811,10.8,0.7865612648221344,10.8,0.2185430463576159,10.8,0.5131578947368421
10.9,0.65,10.9,0.7263157894736842,10.9,0.7952755905511811,10.9,0.7865612648221344,10.9,0.2185430463576159,10.9,0.5131578947368421
11.0,0.651,11.0,0.7263157894736842,11.0,0.7952755905511811,11.0,0.7905138339920948,11.0,0.2185430463576159,11.0,0.5131578947368421
11.1,0.651,11.1,0.7263157894736842,11.1,0.7952755905511811,11.1,0.7905138339920948,11.1,0.2185430463576159,11.1,0.5131578947368421
11.2,0.651,11.2,0.7263157894736842,11.2,0.7952755905511811,11.2,0.7905138339920948,11.2,0.2185430463576159,11.2,0.5131578947368421
11.3,0.653,11.3,0.7315789473684211,11.3,0.7952755905511811,11.3,0.7905138339920948,11.3,0.2185430463576159,11.3,0.5197368421052632
11.4,0.654,11.4,0.7315789473684211,11.4,0.7952755905511811,11.4,0.7905138339920948,11.4,0.2185430463576159,11.4,0.5263157894736842
11.5,0.655,11.5,0.7315789473684211,11.5,0.7952755905511811,11.5,0.7944664031620553,11.5,0.2185430463576159,11.5,0.5263157894736842
11.6,0.656,11.6,0.7315789473684211,11.6,0.7952755905511811,11.6,0.7984189723320159,11.6,0.2185430463576159,11.6,0.5263157894736842
11.7,0.658,11.7,0.7315789473684211,11.7,0.7992125984251969,11.7,0.8023715415019763,11.7,0.2185430463576159,11.7,0.5263157894736842
11.8,0.66,11.8,0.7421052631578947,11.8,0.7992125984251969,11.8,0.8023715415019763,11.8,0.2185430463576159,11.8,0.5263157894736842
11.9,0.663,11.9,0.7473684210526316,11.9,0.7992125984251969,11.9,0.8023715415019763,11.9,0.2185430463576159,11.9,0.5394736842105263
12.0,0.665,12.0,0.7473684210526316,12.0,0.7992125984251969,12.0,0.8063241106719368,12.0,0.2185430463576159,12.0,0.5460526315789473
12.1,0.669,12.1,0.7473684210526316,12.1,0.8070866141732284,12.1,0.8063241106719368,12.1,0.2185430463576159,12.1,0.5592105263157895
12.2,0.671,12.2,0.7526315789473684,12.2,0.8110236220472441,12.2,0.8063241106719368,12.2,0.2185430463576159,12.2,0.5592105263157895
12.3,0.674,12.3,0.7526315789473684,12.3,0.8188976377952756,12.3,0.8102766798418972,12.3,0.2185430463576159,12.3,0.5592105263157895
12.4,0.677,12.4,0.7631578947368421,12.4,0.8188976377952756,12.4,0.8142292490118577,12.4,0.2185430463576159,12.4,0.5592105263157895
12.5,0.681,12.5,0.7631578947368421,12.5,0.8228346456692913,12.5,0.8181818181818182,12.5,0.2185430463576159,12.5,0.5723684210526315
12.6,0.682,12.6,0.7631578947368421,12.6,0.8228346456692913,12.6,0.8181818181818182,12.6,0.2185430463576159,12.6,0.5789473684210527
12.7,0.684,12.7,0.7631578947368421,12.7,0.8307086614173228,12.7,0.8181818181818182,12.7,0.2185430463576159,12.7,0.5789473684210527
12.8,0.689,12.8,0.7684210526315789,12.8,0.8385826771653543,12.8,0.8260869565217391,12.8,0.2185430463576159,12.8,0.5789473684210527
12.9,0.69,12.9,0.7684210526315789,12.9,0.8385826771653543,12.9,0.8260869565217391,12.9,0.2251655629139073,12.9,0.5789473684210527
13.0,0.695,13.0,0.7789473684210526,13.0,0.8464566929133859,13.0,0.8260869565217391,13.0,0.2251655629139073,13.0,0.5855263157894737
13.1,0.696,13.1,0.7789473684210526,13.1,0.8464566929133859,13.1,0.8260869565217391,13.1,0.23178807947019867,13.1,0.5855263157894737
13.2,0.697,13.2,0.7842105263157895,13.2,0.8464566929133859,13.2,0.8260869565217391,13.2,0.23178807947019867,13.2,0.5855263157894737
13.3,0.697,13.3,0.7842105263157895,13.3,0.8464566929133859,13.3,0.8260869565217391,13.3,0.23178807947019867,13.3,0.5855263157894737
13.4,0.698,13.4,0.7894736842105263,13.4,0.8464566929133859,13.4,0.8260869565217391,13.4,0.23178807947019867,13.4,0.5855263157894737
13.5,0.701,13.5,0.8052631578947368,13.5,0.8464566929133859,13.5,0.8260869565217391,13.5,0.23178807947019867,13.5,0.5855263157894737
13.6,0.707,13.6,0.8210526315789474,13.6,0.8503937007874016,13.6,0.8300395256916996,13.6,0.23178807947019867,13.6,0.5921052631578947
13.7,0.709,13.7,0.8263157894736842,13.7,0.8503937007874016,13.7,0.8300395256916996,13.7,0.23841059602649006,13.7,0.5921052631578947
13.8,0.714,13.8,0.8263157894736842,13.8,0.8543307086614174,13.8,0.8458498023715415,13.8,0.23841059602649006,13.8,0.5921052631578947
13.9,0.719,13.9,0.8315789473684211,13.9,0.8543307086614174,13.9,0.8537549407114624,13.9,0.24503311258278146,13.9,0.5986842105263158
14.0,0.72,14.0,0.8315789473684211,14.0,0.8582677165354331,14.0,0.8537549407114624,14.0,0.24503311258278146,14.0,0.5986842105263158
14.1,0.722,14.1,0.8368421052631579,14.1,0.8582677165354331,14.1,0.8537549407114624,14.1,0.25165562913907286,14.1,0.5986842105263158
14.2,0.723,14.2,0.8368421052631579,14.2,0.8582677165354331,14.2,0.857707509881423,14.2,0.25165562913907286,14.2,0.5986842105263158
14.3,0.727,14.3,0.8368421052631579,14.3,0.8582677165354331,14.3,0.8656126482213439,14.3,0.25165562913907286,14.3,0.6118421052631579
14.4,0.729,14.4,0.8368421052631579,14.4,0.8622047244094488,14.4,0.8656126482213439,14.4,0.2582781456953642,14.4,0.6118421052631579
14.5,0.73,14.5,0.8368421052631579,14.5,0.8622047244094488,14.5,0.8695652173913043,14.5,0.2582781456953642,14.5,0.6118421052631579
14.6,0.735,14.6,0.8473684210526315,14.6,0.8661417322834646,14.6,0.8774703557312253,14.6,0.2582781456953642,14.6,0.6118421052631579
14.7,0.736,14.7,0.8473684210526315,14.7,0.8700787401574803,14.7,0.8774703557312253,14.7,0.2582781456953642,14.7,0.6118421052631579
14.8,0.738,14.8,0.8473684210526315,14.8,0.8700787401574803,14.8,0.8853754940711462,14.8,0.2582781456953642,14.8,0.6118421052631579
14.9,0.738,14.9,0.8473684210526315,14.9,0.8700787401574803,14.9,0.8853754940711462,14.9,0.2582781456953642,14.9,0.6118421052631579
15.0,0.739,15.0,0.8473684210526315,15.0,0.8700787401574803,15.0,0.8853754940711462,15.0,0.2582781456953642,15.0,0.618421052631579
15.1,0.74,15.1,0.8473684210526315,15.1,0.8740157480314961,15.1,0.8853754940711462,15.1,0.2582781456953642,15.1,0.618421052631579
15.2,0.74,15.2,0.8473684210526315,15.2,0.8740157480314961,15.2,0.8853754940711462,15.2,0.2582781456953642,15.2,0.618421052631579
15.3,0.744,15.3,0.8473684210526315,15.3,0.8858267716535433,15.3,0.8853754940711462,15.3,0.26490066225165565,15.3,0.618421052631579
15.4,0.745,15.4,0.8473684210526315,15.4,0.889763779527559,15.4,0.8853754940711462,15.4,0.26490066225165565,15.4,0.618421052631579
15.5,0.746,15.5,0.8526315789473684,15.5,0.889763779527559,15.5,0.8853754940711462,15.5,0.26490066225165565,15.5,0.618421052631579
15.6,0.748,15.6,0.8526315789473684,15.6,0.8937007874015748,15.6,0.8893280632411067,15.6,0.26490066225165565,15.6,0.618421052631579
15.7,0.751,15.7,0.8578947368421053,15.7,0.8976377952755905,15.7,0.8893280632411067,15.7,0.271523178807947,15.7,0.618421052631579
15.8,0.753,15.8,0.8631578947368421,15.8,0.8976377952755905,15.8,0.8932806324110671,15.8,0.271523178807947,15.8,0.618421052631579
15.9,0.753,15.9,0.8631578947368421,15.9,0.8976377952755905,15.9,0.8932806324110671,15.9,0.271523178807947,15.9,0.618421052631579
16.0,0.755,16.0,0.8631578947368421,16.0,0.9015748031496063,16.0,0.8972332015810277,16.0,0.271523178807947,16.0,0.618421052631579
16.1,0.755,16.1,0.8631578947368421,16.1,0.9015748031496063,16.1,0.8972332015810277,16.1,0.271523178807947,16.1,0.618421052631579
16.2,0.756,16.2,0.8631578947368421,16.2,0.9015748031496063,16.2,0.9011857707509882,16.2,0.271523178807947,16.2,0.618421052631579
16.3,0.76,16.3,0.868421052631579,16.3,0.905511811023622,16.3,0.9011857707509882,16.3,0.2781456953642384,16.3,0.625
16.4,0.761,16.4,0.868421052631579,16.4,0.905511811023622,16.4,0.9011857707509882,16.4,0.2847682119205298,16.4,0.625
16.5,0.763,16.5,0.8736842105263158,16.5,0.9094488188976378,16.5,0.9011857707509882,16.5,0.2847682119205298,16.5,0.625
16.6,0.767,16.6,0.8789473684210526,16.6,0.9094488188976378,16.6,0.9011857707509882,16.6,0.2913907284768212,16.6,0.6381578947368421
16.7,0.769,16.7,0.8842105263157894,16.7,0.9133858267716536,16.7,0.9011857707509882,16.7,0.2913907284768212,16.7,0.6381578947368421
16.8,0.772,16.8,0.8894736842105263,16.8,0.9133858267716536,16.8,0.9011857707509882,16.8,0.304635761589404,16.8,0.6381578947368421
16.9,0.773,16.9,0.8894736842105263,16.9,0.9133858267716536,16.9,0.9051383399209486,16.9,0.304635761589404,16.9,0.6381578947368421
17.0,0.775,17.0,0.8894736842105263,17.0,0.9173228346456693,17.0,0.9090909090909091,17.0,0.304635761589404,17.0,0.6381578947368421
17.1,0.78,17.1,0.8894736842105263,17.1,0.9291338582677166,17.1,0.9090909090909091,17.1,0.304635761589404,17.1,0.6513157894736842
17.2,0.782,17.2,0.8947368421052632,17.2,0.9291338582677166,17.2,0.9130434782608695,17.2,0.304635761589404,17.2,0.6513157894736842
17.3,0.782,17.3,0.8947368421052632,17.3,0.9291338582677166,17.3,0.9130434782608695,17.3,0.304635761589404,17.3,0.6513157894736842
17.4,0.784,17.4,0.8947368421052632,17.4,0.9291338582677166,17.4,0.9169960474308301,17.4,0.31125827814569534,17.4,0.6513157894736842
17.5,0.79,17.5,0.8947368421052632,17.5,0.937007874015748,17.5,0.924901185770751,17.5,0.31788079470198677,17.5,0.6578947368421053
17.6,0.794,17.6,0.9,17.6,0.937007874015748,17.6,0.9288537549407114,17.6,0.31788079470198677,17.6,0.6710526315789473
17.7,0.796,17.7,0.9,17.7,0.937007874015748,17.7,0.9367588932806324,17.7,0.31788079470198677,17.7,0.6710526315789473
17.8,0.803,17.8,0.9,17.8,0.9409448818897638,17.8,0.9486166007905138,17.8,0.32450331125827814,17.8,0.6842105263157895
17.9,0.805,17.9,0.9,17.9,0.9409448818897638,17.9,0.9565217391304348,17.9,0.32450331125827814,17.9,0.6842105263157895
18.0,0.809,18.0,0.9052631578947369,18.0,0.9409448818897638,18.0,0.9644268774703557,18.0,0.33112582781456956,18.0,0.6842105263157895
18.1,0.812,18.1,0.9052631578947369,18.1,0.9448818897637795,18.1,0.9683794466403162,18.1,0.33774834437086093,18.1,0.6842105263157895
18.2,0.818,18.2,0.9105263157894737,18.2,0.952755905511811,18.2,0.9723320158102767,18.2,0.33774834437086093,18.2,0.6973684210526315
18.3,0.818,18.3,0.9105263157894737,18.3,0.952755905511811,18.3,0.9723320158102767,18.3,0.33774834437086093,18.3,0.6973684210526315
18.4,0.82,18.4,0.9105263157894737,18.4,0.952755905511811,18.4,0.9723320158102767,18.4,0.3443708609271523,18.4,0.7039473684210527
18.5,0.826,18.5,0.9105263157894737,18.5,0.952755905511811,18.5,0.9723320158102767,18.5,0.36423841059602646,18.5,0.7236842105263158
18.6,0.831,18.6,0.9105263157894737,18.6,0.952755905511811,18.6,0.9723320158102767,18.6,0.3841059602649007,18.6,0.7368421052631579
18.7,0.834,18.7,0.9105263157894737,18.7,0.952755905511811,18.7,0.9723320158102767,18.7,0.39072847682119205,18.7,0.75
18.8,0.835,18.8,0.9105263157894737,18.8,0.952755905511811,18.8,0.9723320158102767,18.8,0.39072847682119205,18.8,0.756578947368421
18.9,0.835,18.9,0.9105263157894737,18.9,0.952755905511811,18.9,0.9723320158102767,18.9,0.39072847682119205,18.9,0.756578947368421
19.0,0.838,19.0,0.9105263157894737,19.0,0.9566929133858267,19.0,0.9762845849802372,19.0,0.39072847682119205,19.0,0.7631578947368421
19.1,0.838,19.1,0.9105263157894737,19.1,0.9566929133858267,19.1,0.9762845849802372,19.1,0.39072847682119205,19.1,0.7631578947368421
19.2,0.842,19.2,0.9157894736842105,19.2,0.9606299212598425,19.2,0.9841897233201581,19.2,0.39072847682119205,19.2,0.7631578947368421
19.3,0.843,19.3,0.9157894736842105,19.3,0.9606299212598425,19.3,0.9881422924901185,19.3,0.39072847682119205,19.3,0.7631578947368421
19.4,0.844,19.4,0.9157894736842105,19.4,0.9645669291338582,19.4,0.9881422924901185,19.4,0.39072847682119205,19.4,0.7631578947368421
19.5,0.845,19.5,0.9157894736842105,19.5,0.9645669291338582,19.5,0.9920948616600791,19.5,0.39072847682119205,19.5,0.7631578947368421
19.6,0.845,19.6,0.9157894736842105,19.6,0.9645669291338582,19.6,0.9920948616600791,19.6,0.39072847682119205,19.6,0.7631578947368421
19.7,0.845,19.7,0.9157894736842105,19.7,0.9645669291338582,19.7,0.9920948616600791,19.7,0.39072847682119205,19.7,0.7631578947368421
19.8,0.846,19.8,0.9157894736842105,19.8,0.9645669291338582,19.8,0.9920948616600791,19.8,0.39072847682119205,19.8,0.7697368421052632
19.9,0.848,19.9,0.9157894736842105,19.9,0.968503937007874,19.9,0.9920948616600791,19.9,0.3973509933774834,19.9,0.7697368421052632
20.0,0.848,20.0,0.9157894736842105,20.0,0.968503937007874,20.0,0.9920948616600791,20.0,0.3973509933774834,20.0,0.7697368421052632
20.1,0.848,20.1,0.9157894736842105,20.1,0.968503937007874,20.1,0.9920948616600791,20.1,0.3973509933774834,20.1,0.7697368421052632
20.2,0.851,20.2,0.9210526315789473,20.2,0.9724409448818898,20.2,0.9920948616600791,20.2,0.3973509933774834,20.2,0.7763157894736842
20.3,0.852,20.3,0.9263157894736842,20.3,0.9724409448818898,20.3,0.9920948616600791,20.3,0.3973509933774834,20.3,0.7763157894736842
20.4,0.852,20.4,0.9263157894736842,20.4,0.9724409448818898,20.4,0.9920948616600791,20.4,0.3973509933774834,20.4,0.7763157894736842
20.5,0.853,20.5,0.9263157894736842,20.5,0.9724409448818898,20.5,0.9920948616600791,20.5,0.3973509933774834,20.5,0.7828947368421053
20.6,0.854,20.6,0.9263157894736842,20.6,0.9724409448818898,20.6,0.9960474308300395,20.6,0.3973509933774834,20.6,0.7828947368421053
20.7,0.854,20.7,0.9263157894736842,20.7,0.9724409448818898,20.7,0.9960474308300395,20.7,0.3973509933774834,20.7,0.7828947368421053
20.8,0.855,20.8,0.9263157894736842,20.8,0.9724409448818898,20.8,0.9960474308300395,20.8,0.3973509933774834,20.8,0.7894736842105263
20.9,0.856,20.9,0.9263157894736842,20.9,0.9763779527559056,20.9,0.9960474308300395,20.9,0.3973509933774834,20.9,0.7894736842105263
21.0,0.856,21.0,0.9263157894736842,21.0,0.9763779527559056,21.0,0.9960474308300395,21.0,0.3973509933774834,21.0,0.7894736842105263
21.1,0.859,21.1,0.9263157894736842,21.1,0.9763779527559056,21.1,1.0,21.1,0.4105960264900662,21.1,0.7894736842105263
21.2,0.861,21.2,0.9315789473684211,21.2,0.9803149606299213,21.2,1.0,21.2,0.4105960264900662,21.2,0.7894736842105263
21.3,0.862,21.3,0.9368421052631579,21.3,0.9803149606299213,21.3,1.0,21.3,0.4105960264900662,21.3,0.7894736842105263
21.4,0.863,21.4,0.9421052631578948,21.4,0.9803149606299213,21.4,1.0,21.4,0.4105960264900662,21.4,0.7894736842105263
21.5,0.863,21.5,0.9421052631578948,21.5,0.9803149606299213,21.5,1.0,21.5,0.4105960264900662,21.5,0.7894736842105263
21.6,0.863,21.6,0.9421052631578948,21.6,0.9803149606299213,21.6,1.0,21.6,0.4105960264900662,21.6,0.7894736842105263
21.7,0.863,21.7,0.9421052631578948,21.7,0.9803149606299213,21.7,1.0,21.7,0.4105960264900662,21.7,0.7894736842105263
21.8,0.865,21.8,0.9421052631578948,21.8,0.984251968503937,21.8,1.0,21.8,0.4105960264900662,21.8,0.7960526315789473
21.9,0.866,21.9,0.9421052631578948,21.9,0.984251968503937,21.9,1.0,21.9,0.4105960264900662,21.9,0.8026315789473685
22.0,0.866,22.0,0.9421052631578948,22.0,0.984251968503937,22.0,1.0,22.0,0.4105960264900662,22.0,0.8026315789473685
22.1,0.866,22.1,0.9421052631578948,22.1,0.984251968503937,22.1,1.0,22.1,0.4105960264900662,22.1,0.8026315789473685
22.2,0.868,22.2,0.9421052631578948,22.2,0.9881889763779528,22.2,1.0,22.2,0.4105960264900662,22.2,0.8092105263157895
22.3,0.869,22.3,0.9473684210526315,22.3,0.9881889763779528,22.3,1.0,22.3,0.4105960264900662,22.3,0.8092105263157895
22.4,0.87,22.4,0.9473684210526315,22.4,0.9921259842519685,22.4,1.0,22.4,0.4105960264900662,22.4,0.8092105263157895
22.5,0.871,22.5,0.9473684210526315,22.5,0.9921259842519685,22.5,1.0,22.5,0.41721854304635764,22.5,0.8092105263157895
22.6,0.872,22.6,0.9526315789473684,22.6,0.9921259842519685,22.6,1.0,22.6,0.41721854304635764,22.6,0.8092105263157895
22.7,0.873,22.7,0.9578947368421052,22.7,0.9921259842519685,22.7,1.0,22.7,0.41721854304635764,22.7,0.8092105263157895
22.8,0.873,22.8,0.9578947368421052,22.8,0.9921259842519685,22.8,1.0,22.8,0.41721854304635764,22.8,0.8092105263157895
22.9,0.875,22.9,0.968421052631579,22.9,0.9921259842519685,22.9,1.0,22.9,0.41721854304635764,22.9,0.8092105263157895
23.0,0.875,23.0,0.968421052631579,23.0,0.9921259842519685,23.0,1.0,23.0,0.41721854304635764,23.0,0.8092105263157895
23.1,0.875,23.1,0.968421052631579,23.1,0.9921259842519685,23.1,1.0,23.1,0.41721854304635764,23.1,0.8092105263157895
23.2,0.875,23.2,0.968421052631579,23.2,0.9921259842519685,23.2,1.0,23.2,0.41721854304635764,23.2,0.8092105263157895
23.3,0.875,23.3,0.968421052631579,23.3,0.9921259842519685,23.3,1.0,23.3,0.41721854304635764,23.3,0.8092105263157895
23.4,0.875,23.4,0.968421052631579,23.4,0.9921259842519685,23.4,1.0,23.4,0.41721854304635764,23.4,0.8092105263157895
23.5,0.877,23.5,0.9736842105263158,23.5,0.9921259842519685,23.5,1.0,23.5,0.41721854304635764,23.5,0.8157894736842105
23.6,0.877,23.6,0.9736842105263158,23.6,0.9921259842519685,23.6,1.0,23.6,0.41721854304635764,23.6,0.8157894736842105
23.7,0.879,23.7,0.9736842105263158,23.7,0.9921259842519685,23.7,1.0,23.7,0.41721854304635764,23.7,0.8289473684210527
23.8,0.88,23.8,0.9736842105263158,23.8,0.9921259842519685,23.8,1.0,23.8,0.41721854304635764,23.8,0.8355263157894737
23.9,0.882,23.9,0.9736842105263158,23.9,0.9921259842519685,23.9,1.0,23.9,0.423841059602649,23.9,0.8421052631578947
24.0,0.882,24.0,0.9736842105263158,24.0,0.9921259842519685,24.0,1.0,24.0,0.423841059602649,24.0,0.8421052631578947
24.1,0.882,24.1,0.9736842105263158,24.1,0.9921259842519685,24.1,1.0,24.1,0.423841059602649,24.1,0.8421052631578947
24.2,0.882,24.2,0.9736842105263158,24.2,0.9921259842519685,24.2,1.0,24.2,0.423841059602649,24.2,0.8421052631578947
24.3,0.883,24.3,0.9736842105263158,24.3,0.9921259842519685,24.3,1.0,24.3,0.423841059602649,24.3,0.8486842105263158
24.4,0.884,24.4,0.9789473684210527,24.4,0.9921259842519685,24.4,1.0,24.4,0.423841059602649,24.4,0.8486842105263158
24.5,0.885,24.5,0.9842105263157894,24.5,0.9921259842519685,24.5,1.0,24.5,0.423841059602649,24.5,0.8486842105263158
24.6,0.885,24.6,0.9842105263157894,24.6,0.9921259842519685,24.6,1.0,24.6,0.423841059602649,24.6,0.8486842105263158
24.7,0.885,24.7,0.9842105263157894,24.7,0.9921259842519685,24.7,1.0,24.7,0.423841059602649,24.7,0.8486842105263158
24.8,0.885,24.8,0.9842105263157894,24.8,0.9921259842519685,24.8,1.0,24.8,0.423841059602649,24.8,0.8486842105263158
24.9,0.885,24.9,0.9842105263157894,24.9,0.9921259842519685,24.9,1.0,24.9,0.423841059602649,24.9,0.8486842105263158
25.0,0.885,25.0,0.9842105263157894,25.0,0.9921259842519685,25.0,1.0,25.0,0.423841059602649,25.0,0.8486842105263158
25.1,0.885,25.1,0.9842105263157894,25.1,0.9921259842519685,25.1,1.0,25.1,0.423841059602649,25.1,0.8486842105263158
25.2,0.885,25.2,0.9842105263157894,25.2,0.9921259842519685,25.2,1.0,25.2,0.423841059602649,25.2,0.8486842105263158
25.3,0.885,25.3,0.9842105263157894,25.3,0.9921259842519685,25.3,1.0,25.3,0.423841059602649,25.3,0.8486842105263158
25.4,0.886,25.4,0.9842105263157894,25.4,0.9921259842519685,25.4,1.0,25.4,0.423841059602649,25.4,0.8552631578947368
25.5,0.887,25.5,0.9842105263157894,25.5,0.9921259842519685,25.5,1.0,25.5,0.4304635761589404,25.5,0.8552631578947368
25.6,0.888,25.6,0.9842105263157894,25.6,0.9921259842519685,25.6,1.0,25.6,0.4370860927152318,25.6,0.8552631578947368
25.7,0.889,25.7,0.9842105263157894,25.7,0.9921259842519685,25.7,1.0,25.7,0.4370860927152318,25.7,0.8618421052631579
25.8,0.89,25.8,0.9842105263157894,25.8,0.9921259842519685,25.8,1.0,25.8,0.44370860927152317,25.8,0.8618421052631579
25.9,0.89,25.9,0.9842105263157894,25.9,0.9921259842519685,25.9,1.0,25.9,0.44370860927152317,25.9,0.8618421052631579
26.0,0.89,26.0,0.9842105263157894,26.0,0.9921259842519685,26.0,1.0,26.0,0.44370860927152317,26.0,0.8618421052631579
26.1,0.89,26.1,0.9842105263157894,26.1,0.9921259842519685,26.1,1.0,26.1,0.44370860927152317,26.1,0.8618421052631579
26.2,0.892,26.2,0.9842105263157894,26.2,0.9921259842519685,26.2,1.0,26.2,0.4503311258278146,26.2,0.868421052631579
26.3,0.893,26.3,0.9842105263157894,26.3,0.9960629921259843,26.3,1.0,26.3,0.4503311258278146,26.3,0.868421052631579
26.4,0.895,26.4,0.9842105263157894,26.4,0.9960629921259843,26.4,1.0,26.4,0.45695364238410596,26.4,0.875
26.5,0.895,26.5,0.9842105263157894,26.5,0.9960629921259843,26.5,1.0,26.5,0.45695364238410596,26.5,0.875
26.6,0.896,26.6,0.9842105263157894,26.6,0.9960629921259843,26.6,1.0,26.6,0.46357615894039733,26.6,0.875
26.7,0.896,26.7,0.9842105263157894,26.7,0.9960629921259843,26.7,1.0,26.7,0.46357615894039733,26.7,0.875
26.8,0.896,26.8,0.9842105263157894,26.8,0.9960629921259843,26.8,1.0,26.8,0.46357615894039733,26.8,0.875
26.9,0.898,26.9,0.9842105263157894,26.9,0.9960629921259843,26.9,1.0,26.9,0.4768211920529801,26.9,0.875
27.0,0.899,27.0,0.9842105263157894,27.0,0.9960629921259843,27.0,1.0,27.0,0.4768211920529801,27.0,0.881578947368421
27.1,0.899,27.1,0.9842105263157894,27.1,0.9960629921259843,27.1,1.0,27.1,0.4768211920529801,27.1,0.881578947368421
27.2,0.901,27.2,0.9842105263157894,27.2,0.9960629921259843,27.2,1.0,27.2,0.4768211920529801,27.2,0.8947368421052632
27.3,0.902,27.3,0.9842105263157894,27.3,0.9960629921259843,27.3,1.0,27.3,0.4768211920529801,27.3,0.9013157894736842
27.4,0.902,27.4,0.9842105263157894,27.4,0.9960629921259843,27.4,1.0,27.4,0.4768211920529801,27.4,0.9013157894736842
27.5,0.902,27.5,0.9842105263157894,27.5,0.9960629921259843,27.5,1.0,27.5,0.4768211920529801,27.5,0.9013157894736842
27.6,0.903,27.6,0.9842105263157894,27.6,0.9960629921259843,27.6,1.0,27.6,0.48344370860927155,27.6,0.9013157894736842
27.7,0.905,27.7,0.9842105263157894,27.7,0.9960629921259843,27.7,1.0,27.7,0.48344370860927155,27.7,0.9144736842105263
27.8,0.907,27.8,0.9842105263157894,27.8,1.0,27.8,1.0,27.8,0.48344370860927155,27.8,0.9210526315789473
27.9,0.907,27.9,0.9842105263157894,27.9,1.0,27.9,1.0,27.9,0.48344370860927155,27.9,0.9210526315789473
28.0,0.907,28.0,0.9842105263157894,28.0,1.0,28.0,1.0,28.0,0.48344370860927155,28.0,0.9210526315789473
28.1,0.907,28.1,0.9842105263157894,28.1,1.0,28.1,1.0,28.1,0.48344370860927155,28.1,0.9210526315789473
28.2,0.908,28.2,0.9842105263157894,28.2,1.0,28.2,1.0,28.2,0.48344370860927155,28.2,0.9276315789473685
28.3,0.908,28.3,0.9842105263157894,28.3,1.0,28.3,1.0,28.3,0.48344370860927155,28.3,0.9276315789473685
28.4,0.909,28.4,0.9842105263157894,28.4,1.0,28.4,1.0,28.4,0.48344370860927155,28.4,0.9342105263157895
28.5,0.909,28.5,0.9842105263157894,28.5,1.0,28.5,1.0,28.5,0.48344370860927155,28.5,0.9342105263157895
28.6,0.909,28.6,0.9842105263157894,28.6,1.0,28.6,1.0,28.6,0.48344370860927155,28.6,0.9342105263157895
28.7,0.909,28.7,0.9842105263157894,28.7,1.0,28.7,1.0,28.7,0.48344370860927155,28.7,0.9342105263157895
28.8,0.91,28.8,0.9894736842105263,28.8,1.0,28.8,1.0,28.8,0.48344370860927155,28.8,0.9342105263157895
28.9,0.911,28.9,0.9894736842105263,28.9,1.0,28.9,1.0,28.9,0.4900662251655629,28.9,0.9342105263157895
29.0,0.911,29.0,0.9894736842105263,29.0,1.0,29.0,1.0,29.0,0.4900662251655629,29.0,0.9342105263157895
29.1,0.912,29.1,0.9947368421052631,29.1,1.0,29.1,1.0,29.1,0.4900662251655629,29.1,0.9342105263157895
29.2,0.912,29.2,0.9947368421052631,29.2,1.0,29.2,1.0,29.2,0.4900662251655629,29.2,0.9342105263157895
29.3,0.912,29.3,0.9947368421052631,29.3,1.0,29.3,1.0,29.3,0.4900662251655629,29.3,0.9342105263157895
29.4,0.912,29.4,0.9947368421052631,29.4,1.0,29.4,1.0,29.4,0.4900662251655629,29.4,0.9342105263157895
29.5,0.912,29.5,0.9947368421052631,29.5,1.0,29.5,1.0,29.5,0.4900662251655629,29.5,0.9342105263157895
29.6,0.912,29.6,0.9947368421052631,29.6,1.0,29.6,1.0,29.6,0.4900662251655629,29.6,0.9342105263157895
29.7,0.912,29.7,0.9947368421052631,29.7,1.0,29.7,1.0,29.7,0.4900662251655629,29.7,0.9342105263157895
29.8,0.912,29.8,0.9947368421052631,29.8,1.0,29.8,1.0,29.8,0.4900662251655629,29.8,0.9342105263157895
29.9,0.912,29.9,0.9947368421052631,29.9,1.0,29.9,1.0,29.9,0.4900662251655629,29.9,0.9342105263157895
30.0,0.912,30.0,0.9947368421052631,30.0,1.0,30.0,1.0,30.0,0.4900662251655629,30.0,0.9342105263157895
30.1,0.912,30.1,0.9947368421052631,30.1,1.0,30.1,1.0,30.1,0.4900662251655629,30.1,0.9342105263157895
30.2,0.912,30.2,0.9947368421052631,30.2,1.0,30.2,1.0,30.2,0.4900662251655629,30.2,0.9342105263157895
30.3,0.912,30.3,0.9947368421052631,30.3,1.0,30.3,1.0,30.3,0.4900662251655629,30.3,0.9342105263157895
30.4,0.912,30.4,0.9947368421052631,30.4,1.0,30.4,1.0,30.4,0.4900662251655629,30.4,0.9342105263157895
30.5,0.912,30.5,0.9947368421052631,30.5,1.0,30.5,1.0,30.5,0.4900662251655629,30.5,0.9342105263157895
30.6,0.913,30.6,0.9947368421052631,30.6,1.0,30.6,1.0,30.6,0.4900662251655629,30.6,0.9407894736842105
30.7,0.913,30.7,0.9947368421052631,30.7,1.0,30.7,1.0,30.7,0.4900662251655629,30.7,0.9407894736842105
30.8,0.913,30.8,0.9947368421052631,30.8,1.0,30.8,1.0,30.8,0.4900662251655629,30.8,0.9407894736842105
30.9,0.914,30.9,0.9947368421052631,30.9,1.0,30.9,1.0,30.9,0.4900662251655629,30.9,0.9473684210526315
31.0,0.914,31.0,0.9947368421052631,31.0,1.0,31.0,1.0,31.0,0.4900662251655629,31.0,0.9473684210526315
31.1,0.915,31.1,0.9947368421052631,31.1,1.0,31.1,1.0,31.1,0.4966887417218543,31.1,0.9473684210526315
31.2,0.915,31.2,0.9947368421052631,31.2,1.0,31.2,1.0,31.2,0.4966887417218543,31.2,0.9473684210526315
31.3,0.915,31.3,0.9947368421052631,31.3,1.0,31.3,1.0,31.3,0.4966887417218543,31.3,0.9473684210526315
31.4,0.916,31.4,0.9947368421052631,31.4,1.0,31.4,1.0,31.4,0.5033112582781457,31.4,0.9473684210526315
31.5,0.916,31.5,0.9947368421052631,31.5,1.0,31.5,1.0,31.5,0.5033112582781457,31.5,0.9473684210526315
31.6,0.916,31.6,0.9947368421052631,31.6,1.0,31.6,1.0,31.6,0.5033112582781457,31.6,0.9473684210526315
31.7,0.917,31.7,0.9947368421052631,31.7,1.0,31.7,1.0,31.7,0.5099337748344371,31.7,0.9473684210526315
31.8,0.918,31.8,0.9947368421052631,31.8,1.0,31.8,1.0,31.8,0.5165562913907285,31.8,0.9473684210526315
31.9,0.92,31.9,0.9947368421052631,31.9,1.0,31.9,1.0,31.9,0.5231788079470199,31.9,0.9539473684210527
32.0,0.92,32.0,0.9947368421052631,32.0,1.0,32.0,1.0,32.0,0.5231788079470199,32.0,0.9539473684210527
32.1,0.92,32.1,0.9947368421052631,32.1,1.0,32.1,1.0,32.1,0.5231788079470199,32.1,0.9539473684210527
32.2,0.92,32.2,0.9947368421052631,32.2,1.0,32.2,1.0,32.2,0.5231788079470199,32.2,0.9539473684210527
32.3,0.921,32.3,0.9947368421052631,32.3,1.0,32.3,1.0,32.3,0.5298013245033113,32.3,0.9539473684210527
32.4,0.923,32.4,0.9947368421052631,32.4,1.0,32.4,1.0,32.4,0.5364238410596026,32.4,0.9605263157894737
32.5,0.923,32.5,0.9947368421052631,32.5,1.0,32.5,1.0,32.5,0.5364238410596026,32.5,0.9605263157894737
32.6,0.924,32.6,0.9947368421052631,32.6,1.0,32.6,1.0,32.6,0.543046357615894,32.6,0.9605263157894737
32.7,0.925,32.7,0.9947368421052631,32.7,1.0,32.7,1.0,32.7,0.5496688741721855,32.7,0.9605263157894737
32.8,0.925,32.8,0.9947368421052631,32.8,1.0,32.8,1.0,32.8,0.5496688741721855,32.8,0.9605263157894737
32.9,0.927,32.9,0.9947368421052631,32.9,1.0,32.9,1.0,32.9,0.5629139072847682,32.9,0.9605263157894737
33.0,0.929,33.0,0.9947368421052631,33.0,1.0,33.0,1.0,33.0,0.5695364238410596,33.0,0.9671052631578947
33.1,0.93,33.1,0.9947368421052631,33.1,1.0,33.1,1.0,33.1,0.5761589403973509,33.1,0.9671052631578947
33.2,0.931,33.2,0.9947368421052631,33.2,1.0,33.2,1.0,33.2,0.5827814569536424,33.2,0.9671052631578947
33.3,0.931,33.3,0.9947368421052631,33.3,1.0,33.3,1.0,33.3,0.5827814569536424,33.3,0.9671052631578947
33.4,0.931,33.4,0.9947368421052631,33.4,1.0,33.4,1.0,33.4,0.5827814569536424,33.4,0.9671052631578947
33.5,0.931,33.5,0.9947368421052631,33.5,1.0,33.5,1.0,33.5,0.5827814569536424,33.5,0.9671052631578947
33.6,0.931,33.6,0.9947368421052631,33.6,1.0,33.6,1.0,33.6,0.5827814569536424,33.6,0.9671052631578947
33.7,0.932,33.7,0.9947368421052631,33.7,1.0,33.7,1.0,33.7,0.5894039735099338,33.7,0.9671052631578947
33.8,0.932,33.8,0.9947368421052631,33.8,1.0,33.8,1.0,33.8,0.5894039735099338,33.8,0.9671052631578947
33.9,0.932,33.9,0.9947368421052631,33.9,1.0,33.9,1.0,33.9,0.5894039735099338,33.9,0.9671052631578947
34.0,0.932,34.0,0.9947368421052631,34.0,1.0,34.0,1.0,34.0,0.5894039735099338,34.0,0.9671052631578947
34.1,0.933,34.1,0.9947368421052631,34.1,1.0,34.1,1.0,34.1,0.5960264900662252,34.1,0.9671052631578947
34.2,0.933,34.2,0.9947368421052631,34.2,1.0,34.2,1.0,34.2,0.5960264900662252,34.2,0.9671052631578947
34.3,0.933,34.3,0.9947368421052631,34.3,1.0,34.3,1.0,34.3,0.5960264900662252,34.3,0.9671052631578947
34.4,0.933,34.4,0.9947368421052631,34.4,1.0,34.4,1.0,34.4,0.5960264900662252,34.4,0.9671052631578947
34.5,0.934,34.5,0.9947368421052631,34.5,1.0,34.5,1.0,34.5,0.6026490066225165,34.5,0.9671052631578947
34.6,0.934,34.6,0.9947368421052631,34.6,1.0,34.6,1.0,34.6,0.6026490066225165,34.6,0.9671052631578947
34.7,0.934,34.7,0.9947368421052631,34.7,1.0,34.7,1.0,34.7,0.6026490066225165,34.7,0.9671052631578947
34.8,0.934,34.8,0.9947368421052631,34.8,1.0,34.8,1.0,34.8,0.6026490066225165,34.8,0.9671052631578947
34.9,0.935,34.9,0.9947368421052631,34.9,1.0,34.9,1.0,34.9,0.609271523178808,34.9,0.9671052631578947
35.0,0.935,35.0,0.9947368421052631,35.0,1.0,35.0,1.0,35.0,0.609271523178808,35.0,0.9671052631578947
35.1,0.935,35.1,0.9947368421052631,35.1,1.0,35.1,1.0,35.1,0.609271523178808,35.1,0.9671052631578947
35.2,0.935,35.2,0.9947368421052631,35.2,1.0,35.2,1.0,35.2,0.609271523178808,35.2,0.9671052631578947
35.3,0.935,35.3,0.9947368421052631,35.3,1.0,35.3,1.0,35.3,0.609271523178808,35.3,0.9671052631578947
35.4,0.935,35.4,0.9947368421052631,35.4,1.0,35.4,1.0,35.4,0.609271523178808,35.4,0.9671052631578947
35.5,0.935,35.5,0.9947368421052631,35.5,1.0,35.5,1.0,35.5,0.609271523178808,35.5,0.9671052631578947
35.6,0.936,35.6,0.9947368421052631,35.6,1.0,35.6,1.0,35.6,0.6158940397350994,35.6,0.9671052631578947
35.7,0.936,35.7,0.9947368421052631,35.7,1.0,35.7,1.0,35.7,0.6158940397350994,35.7,0.9671052631578947
35.8,0.937,35.8,0.9947368421052631,35.8,1.0,35.8,1.0,35.8,0.6225165562913907,35.8,0.9671052631578947
35.9,0.938,35.9,1.0,35.9,1.0,35.9,1.0,35.9,0.6225165562913907,35.9,0.9671052631578947
36.0,0.938,36.0,1.0,36.0,1.0,36.0,1.0,36.0,0.6225165562913907,36.0,0.9671052631578947
36.1,0.939,36.1,1.0,36.1,1.0,36.1,1.0,36.1,0.6225165562913907,36.1,0.9736842105263158
36.2,0.939,36.2,1.0,36.2,1.0,36.2,1.0,36.2,0.6225165562913907,36.2,0.9736842105263158
36.3,0.939,36.3,1.0,36.3,1.0,36.3,1.0,36.3,0.6225165562913907,36.3,0.9736842105263158
36.4,0.939,36.4,1.0,36.4,1.0,36.4,1.0,36.4,0.6225165562913907,36.4,0.9736842105263158
36.5,0.939,36.5,1.0,36.5,1.0,36.5,1.0,36.5,0.6225165562913907,36.5,0.9736842105263158
36.6,0.94,36.6,1.0,36.6,1.0,36.6,1.0,36.6,0.6291390728476821,36.6,0.9736842105263158
36.7,0.94,36.7,1.0,36.7,1.0,36.7,1.0,36.7,0.6291390728476821,36.7,0.9736842105263158
36.8,0.94,36.8,1.0,36.8,1.0,36.8,1.0,36.8,0.6291390728476821,36.8,0.9736842105263158
36.9,0.941,36.9,1.0,36.9,1.0,36.9,1.0,36.9,0.6357615894039735,36.9,0.9736842105263158
37.0,0.943,37.0,1.0,37.0,1.0,37.0,1.0,37.0,0.6423841059602649,37.0,0.9802631578947368
37.1,0.944,37.1,1.0,37.1,1.0,37.1,1.0,37.1,0.6490066225165563,37.1,0.9802631578947368
37.2,0.944,37.2,1.0,37.2,1.0,37.2,1.0,37.2,0.6490066225165563,37.2,0.9802631578947368
37.3,0.944,37.3,1.0,37.3,1.0,37.3,1.0,37.3,0.6490066225165563,37.3,0.9802631578947368
37.4,0.944,37.4,1.0,37.4,1.0,37.4,1.0,37.4,0.6490066225165563,37.4,0.9802631578947368
37.5,0.944,37.5,1.0,37.5,1.0,37.5,1.0,37.5,0.6490066225165563,37.5,0.9802631578947368
37.6,0.944,37.6,1.0,37.6,1.0,37.6,1.0,37.6,0.6490066225165563,37.6,0.9802631578947368
37.7,0.944,37.7,1.0,37.7,1.0,37.7,1.0,37.7,0.6490066225165563,37.7,0.9802631578947368
37.8,0.945,37.8,1.0,37.8,1.0,37.8,1.0,37.8,0.6556291390728477,37.8,0.9802631578947368
37.9,0.945,37.9,1.0,37.9,1.0,37.9,1.0,37.9,0.6556291390728477,37.9,0.9802631578947368
38.0,0.946,38.0,1.0,38.0,1.0,38.0,1.0,38.0,0.6622516556291391,38.0,0.9802631578947368
38.1,0.946,38.1,1.0,38.1,1.0,38.1,1.0,38.1,0.6622516556291391,38.1,0.9802631578947368
38.2,0.946,38.2,1.0,38.2,1.0,38.2,1.0,38.2,0.6622516556291391,38.2,0.9802631578947368
38.3,0.946,38.3,1.0,38.3,1.0,38.3,1.0,38.3,0.6622516556291391,38.3,0.9802631578947368
38.4,0.946,38.4,1.0,38.4,1.0,38.4,1.0,38.4,0.6622516556291391,38.4,0.9802631578947368
38.5,0.946,38.5,1.0,38.5,1.0,38.5,1.0,38.5,0.6622516556291391,38.5,0.9802631578947368
38.6,0.946,38.6,1.0,38.6,1.0,38.6,1.0,38.6,0.6622516556291391,38.6,0.9802631578947368
38.7,0.946,38.7,1.0,38.7,1.0,38.7,1.0,38.7,0.6622516556291391,38.7,0.9802631578947368
38.8,0.946,38.8,1.0,38.8,1.0,38.8,1.0,38.8,0.6622516556291391,38.8,0.9802631578947368
38.9,0.946,38.9,1.0,38.9,1.0,38.9,1.0,38.9,0.6622516556291391,38.9,0.9802631578947368
39.0,0.946,39.0,1.0,39.0,1.0,39.0,1.0,39.0,0.6622516556291391,39.0,0.9802631578947368
39.1,0.946,39.1,1.0,39.1,1.0,39.1,1.0,39.1,0.6622516556291391,39.1,0.9802631578947368
39.2,0.946,39.2,1.0,39.2,1.0,39.2,1.0,39.2,0.6622516556291391,39.2,0.9802631578947368
39.3,0.946,39.3,1.0,39.3,1.0,39.3,1.0,39.3,0.6622516556291391,39.3,0.9802631578947368
39.4,0.947,39.4,1.0,39.4,1.0,39.4,1.0,39.4,0.6688741721854304,39.4,0.9802631578947368
39.5,0.948,39.5,1.0,39.5,1.0,39.5,1.0,39.5,0.6754966887417219,39.5,0.9802631578947368
39.6,0.948,39.6,1.0,39.6,1.0,39.6,1.0,39.6,0.6754966887417219,39.6,0.9802631578947368
39.7,0.948,39.7,1.0,39.7,1.0,39.7,1.0,39.7,0.6754966887417219,39.7,0.9802631578947368
39.8,0.948,39.8,1.0,39.8,1.0,39.8,1.0,39.8,0.6754966887417219,39.8,0.9802631578947368
39.9,0.949,39.9,1.0,39.9,1.0,39.9,1.0,39.9,0.6754966887417219,39.9,0.9868421052631579
40.0,0.949,40.0,1.0,40.0,1.0,40.0,1.0,40.0,0.6754966887417219,40.0,0.9868421052631579
40.1,0.949,40.1,1.0,40.1,1.0,40.1,1.0,40.1,0.6754966887417219,40.1,0.9868421052631579
40.2,0.95,40.2,1.0,40.2,1.0,40.2,1.0,40.2,0.6821192052980133,40.2,0.9868421052631579
40.3,0.95,40.3,1.0,40.3,1.0,40.3,1.0,40.3,0.6821192052980133,40.3,0.9868421052631579
40.4,0.95,40.4,1.0,40.4,1.0,40.4,1.0,40.4,0.6821192052980133,40.4,0.9868421052631579
40.5,0.95,40.5,1.0,40.5,1.0,40.5,1.0,40.5,0.6821192052980133,40.5,0.9868421052631579
40.6,0.951,40.6,1.0,40.6,1.0,40.6,1.0,40.6,0.6887417218543046,40.6,0.9868421052631579
40.7,0.952,40.7,1.0,40.7,1.0,40.7,1.0,40.7,0.695364238410596,40.7,0.9868421052631579
40.8,0.952,40.8,1.0,40.8,1.0,40.8,1.0,40.8,0.695364238410596,40.8,0.9868421052631579
40.9,0.952,40.9,1.0,40.9,1.0,40.9,1.0,40.9,0.695364238410596,40.9,0.9868421052631579
41.0,0.953,41.0,1.0,41.0,1.0,41.0,1.0,41.0,0.7019867549668874,41.0,0.9868421052631579
41.1,0.954,41.1,1.0,41.1,1.0,41.1,1.0,41.1,0.7086092715231788,41.1,0.9868421052631579
41.2,0.955,41.2,1.0,41.2,1.0,41.2,1.0,41.2,0.7152317880794702,41.2,0.9868421052631579
41.3,0.955,41.3,1.0,41.3,1.0,41.3,1.0,41.3,0.7152317880794702,41.3,0.9868421052631579
41.4,0.956,41.4,1.0,41.4,1.0,41.4,1.0,41.4,0.7152317880794702,41.4,0.993421052631579
41.5,0.957,41.5,1.0,41.5,1.0,41.5,1.0,41.5,0.7218543046357616,41.5,0.993421052631579
41.6,0.957,41.6,1.0,41.6,1.0,41.6,1.0,41.6,0.7218543046357616,41.6,0.993421052631579
41.7,0.958,41.7,1.0,41.7,1.0,41.7,1.0,41.7,0.7284768211920529,41.7,0.993421052631579
41.8,0.958,41.8,1.0,41.8,1.0,41.8,1.0,41.8,0.7284768211920529,41.8,0.993421052631579
41.9,0.959,41.9,1.0,41.9,1.0,41.9,1.0,41.9,0.7350993377483444,41.9,0.993421052631579
42.0,0.961,42.0,1.0,42.0,1.0,42.0,1.0,42.0,0.7483443708609272,42.0,0.993421052631579
42.1,0.961,42.1,1.0,42.1,1.0,42.1,1.0,42.1,0.7483443708609272,42.1,0.993421052631579
42.2,0.962,42.2,1.0,42.2,1.0,42.2,1.0,42.2,0.7549668874172185,42.2,0.993421052631579
42.3,0.962,42.3,1.0,42.3,1.0,42.3,1.0,42.3,0.7549668874172185,42.3,0.993421052631579
42.4,0.963,42.4,1.0,42.4,1.0,42.4,1.0,42.4,0.7615894039735099,42.4,0.993421052631579
42.5,0.963,42.5,1.0,42.5,1.0,42.5,1.0,42.5,0.7615894039735099,42.5,0.993421052631579
42.6,0.964,42.6,1.0,42.6,1.0,42.6,1.0,42.6,0.7682119205298014,42.6,0.993421052631579
42.7,0.965,42.7,1.0,42.7,1.0,42.7,1.0,42.7,0.7748344370860927,42.7,0.993421052631579
42.8,0.965,42.8,1.0,42.8,1.0,42.8,1.0,42.8,0.7748344370860927,42.8,0.993421052631579
42.9,0.965,42.9,1.0,42.9,1.0,42.9,1.0,42.9,0.7748344370860927,42.9,0.993421052631579
43.0,0.967,43.0,1.0,43.0,1.0,43.0,1.0,43.0,0.7880794701986755,43.0,0.993421052631579
43.1,0.968,43.1,1.0,43.1,1.0,43.1,1.0,43.1,0.7947019867549668,43.1,0.993421052631579
43.2,0.968,43.2,1.0,43.2,1.0,43.2,1.0,43.2,0.7947019867549668,43.2,0.993421052631579
43.3,0.969,43.3,1.0,43.3,1.0,43.3,1.0,43.3,0.8013245033112583,43.3,0.993421052631579
43.4,0.969,43.4,1.0,43.4,1.0,43.4,1.0,43.4,0.8013245033112583,43.4,0.993421052631579
43.5,0.969,43.5,1.0,43.5,1.0,43.5,1.0,43.5,0.8013245033112583,43.5,0.993421052631579
43.6,0.969,43.6,1.0,43.6,1.0,43.6,1.0,43.6,0.8013245033112583,43.6,0.993421052631579
43.7,0.969,43.7,1.0,43.7,1.0,43.7,1.0,43.7,0.8013245033112583,43.7,0.993421052631579
43.8,0.97,43.8,1.0,43.8,1.0,43.8,1.0,43.8,0.8079470198675497,43.8,0.993421052631579
43.9,0.97,43.9,1.0,43.9,1.0,43.9,1.0,43.9,0.8079470198675497,43.9,0.993421052631579
44.0,0.97,44.0,1.0,44.0,1.0,44.0,1.0,44.0,0.8079470198675497,44.0,0.993421052631579
44.1,0.973,44.1,1.0,44.1,1.0,44.1,1.0,44.1,0.8278145695364238,44.1,0.993421052631579
44.2,0.973,44.2,1.0,44.2,1.0,44.2,1.0,44.2,0.8278145695364238,44.2,0.993421052631579
44.3,0.973,44.3,1.0,44.3,1.0,44.3,1.0,44.3,0.8278145695364238,44.3,0.993421052631579
44.4,0.973,44.4,1.0,44.4,1.0,44.4,1.0,44.4,0.8278145695364238,44.4,0.993421052631579
44.5,0.973,44.5,1.0,44.5,1.0,44.5,1.0,44.5,0.8278145695364238,44.5,0.993421052631579
44.6,0.974,44.6,1.0,44.6,1.0,44.6,1.0,44.6,0.8344370860927153,44.6,0.993421052631579
44.7,0.974,44.7,1.0,44.7,1.0,44.7,1.0,44.7,0.8344370860927153,44.7,0.993421052631579
44.8,0.974,44.8,1.0,44.8,1.0,44.8,1.0,44.8,0.8344370860927153,44.8,0.993421052631579
44.9,0.974,44.9,1.0,44.9,1.0,44.9,1.0,44.9,0.8344370860927153,44.9,0.993421052631579
45.0,0.974,45.0,1.0,45.0,1.0,45.0,1.0,45.0,0.8344370860927153,45.0,0.993421052631579
45.1,0.975,45.1,1.0,45.1,1.0,45.1,1.0,45.1,0.8410596026490066,45.1,0.993421052631579
45.2,0.976,45.2,1.0,45.2,1.0,45.2,1.0,45.2,0.8410596026490066,45.2,1.0
45.3,0.976,45.3,1.0,45.3,1.0,45.3,1.0,45.3,0.8410596026490066,45.3,1.0
45.4,0.976,45.4,1.0,45.4,1.0,45.4,1.0,45.4,0.8410596026490066,45.4,1.0
45.5,0.976,45.5,1.0,45.5,1.0,45.5,1.0,45.5,0.8410596026490066,45.5,1.0
45.6,0.976,45.6,1.0,45.6,1.0,45.6,1.0,45.6,0.8410596026490066,45.6,1.0
45.7,0.977,45.7,1.0,45.7,1.0,45.7,1.0,45.7,0.847682119205298,45.7,1.0
45.8,0.977,45.8,1.0,45.8,1.0,45.8,1.0,45.8,0.847682119205298,45.8,1.0
45.9,0.977,45.9,1.0,45.9,1.0,45.9,1.0,45.9,0.847682119205298,45.9,1.0
46.0,0.977,46.0,1.0,46.0,1.0,46.0,1.0,46.0,0.847682119205298,46.0,1.0
46.1,0.977,46.1,1.0,46.1,1.0,46.1,1.0,46.1,0.847682119205298,46.1,1.0
46.2,0.978,46.2,1.0,46.2,1.0,46.2,1.0,46.2,0.8543046357615894,46.2,1.0
46.3,0.978,46.3,1.0,46.3,1.0,46.3,1.0,46.3,0.8543046357615894,46.3,1.0
46.4,0.978,46.4,1.0,46.4,1.0,46.4,1.0,46.4,0.8543046357615894,46.4,1.0
46.5,0.978,46.5,1.0,46.5,1.0,46.5,1.0,46.5,0.8543046357615894,46.5,1.0
46.6,0.979,46.6,1.0,46.6,1.0,46.6,1.0,46.6,0.8609271523178808,46.6,1.0
46.7,0.979,46.7,1.0,46.7,1.0,46.7,1.0,46.7,0.8609271523178808,46.7,1.0
46.8,0.979,46.8,1.0,46.8,1.0,46.8,1.0,46.8,0.8609271523178808,46.8,1.0
46.9,0.98,46.9,1.0,46.9,1.0,46.9,1.0,46.9,0.8675496688741722,46.9,1.0
47.0,0.98,47.0,1.0,47.0,1.0,47.0,1.0,47.0,0.8675496688741722,47.0,1.0
47.1,0.98,47.1,1.0,47.1,1.0,47.1,1.0,47.1,0.8675496688741722,47.1,1.0
47.2,0.98,47.2,1.0,47.2,1.0,47.2,1.0,47.2,0.8675496688741722,47.2,1.0
47.3,0.98,47.3,1.0,47.3,1.0,47.3,1.0,47.3,0.8675496688741722,47.3,1.0
47.4,0.98,47.4,1.0,47.4,1.0,47.4,1.0,47.4,0.8675496688741722,47.4,1.0
47.5,0.98,47.5,1.0,47.5,1.0,47.5,1.0,47.5,0.8675496688741722,47.5,1.0
47.6,0.98,47.6,1.0,47.6,1.0,47.6,1.0,47.6,0.8675496688741722,47.6,1.0
47.7,0.98,47.7,1.0,47.7,1.0,47.7,1.0,47.7,0.8675496688741722,47.7,1.0
47.8,0.98,47.8,1.0,47.8,1.0,47.8,1.0,47.8,0.8675496688741722,47.8,1.0
47.9,0.98,47.9,1.0,47.9,1.0,47.9,1.0,47.9,0.8675496688741722,47.9,1.0
48.0,0.98,48.0,1.0,48.0,1.0,48.0,1.0,48.0,0.8675496688741722,48.0,1.0
48.1,0.98,48.1,1.0,48.1,1.0,48.1,1.0,48.1,0.8675496688741722,48.1,1.0
48.2,0.98,48.2,1.0,48.2,1.0,48.2,1.0,48.2,0.8675496688741722,48.2,1.0
48.3,0.98,48.3,1.0,48.3,1.0,48.3,1.0,48.3,0.8675496688741722,48.3,1.0
48.4,0.981,48.4,1.0,48.4,1.0,48.4,1.0,48.4,0.8741721854304636,48.4,1.0
48.5,0.981,48.5,1.0,48.5,1.0,48.5,1.0,48.5,0.8741721854304636,48.5,1.0
48.6,0.981,48.6,1.0,48.6,1.0,48.6,1.0,48.6,0.8741721854304636,48.6,1.0
48.7,0.981,48.7,1.0,48.7,1.0,48.7,1.0,48.7,0.8741721854304636,48.7,1.0
48.8,0.981,48.8,1.0,48.8,1.0,48.8,1.0,48.8,0.8741721854304636,48.8,1.0
48.9,0.981,48.9,1.0,48.9,1.0,48.9,1.0,48.9,0.8741721854304636,48.9,1.0
49.0,0.981,49.0,1.0,49.0,1.0,49.0,1.0,49.0,0.8741721854304636,49.0,1.0
49.1,0.982,49.1,1.0,49.1,1.0,49.1,1.0,49.1,0.8807947019867549,49.1,1.0
49.2,0.982,49.2,1.0,49.2,1.0,49.2,1.0,49.2,0.8807947019867549,49.2,1.0
49.3,0.982,49.3,1.0,49.3,1.0,49.3,1.0,49.3,0.8807947019867549,49.3,1.0
49.4,0.982,49.4,1.0,49.4,1.0,49.4,1.0,49.4,0.8807947019867549,49.4,1.0
49.5,0.982,49.5,1.0,49.5,1.0,49.5,1.0,49.5,0.8807947019867549,49.5,1.0
49.6,0.982,49.6,1.0,49.6,1.0,49.6,1.0,49.6,0.8807947019867549,49.6,1.0
49.7,0.982,49.7,1.0,49.7,1.0,49.7,1.0,49.7,0.8807947019867549,49.7,1.0
49.8,0.982,49.8,1.0,49.8,1.0,49.8,1.0,49.8,0.8807947019867549,49.8,1.0
49.9,0.984,49.9,1.0,49.9,1.0,49.9,1.0,49.9,0.8940397350993378,49.9,1.0
50.0,0.984,50.0,1.0,50.0,1.0,50.0,1.0,50.0,0.8940397350993378,50.0,1.0
50.1,0.984,50.1,1.0,50.1,1.0,50.1,1.0,50.1,0.8940397350993378,50.1,1.0
50.2,0.986,50.2,1.0,50.2,1.0,50.2,1.0,50.2,0.9072847682119205,50.2,1.0
50.3,0.988,50.3,1.0,50.3,1.0,50.3,1.0,50.3,0.9205298013245033,50.3,1.0
50.4,0.988,50.4,1.0,50.4,1.0,50.4,1.0,50.4,0.9205298013245033,50.4,1.0
50.5,0.989,50.5,1.0,50.5,1.0,50.5,1.0,50.5,0.9271523178807947,50.5,1.0
50.6,0.989,50.6,1.0,50.6,1.0,50.6,1.0,50.6,0.9271523178807947,50.6,1.0
50.7,0.989,50.7,1.0,50.7,1.0,50.7,1.0,50.7,0.9271523178807947,50.7,1.0
50.8,0.989,50.8,1.0,50.8,1.0,50.8,1.0,50.8,0.9271523178807947,50.8,1.0
50.9,0.989,50.9,1.0,50.9,1.0,50.9,1.0,50.9,0.9271523178807947,50.9,1.0
51.0,0.991,51.0,1.0,51.0,1.0,51.0,1.0,51.0,0.9403973509933775,51.0,1.0
51.1,0.992,51.1,1.0,51.1,1.0,51.1,1.0,51.1,0.9470198675496688,51.1,1.0
51.2,0.992,51.2,1.0,51.2,1.0,51.2,1.0,51.2,0.9470198675496688,51.2,1.0
51.3,0.994,51.3,1.0,51.3,1.0,51.3,1.0,51.3,0.9602649006622517,51.3,1.0
51.4,0.994,51.4,1.0,51.4,1.0,51.4,1.0,51.4,0.9602649006622517,51.4,1.0
51.5,0.995,51.5,1.0,51.5,1.0,51.5,1.0,51.5,0.9668874172185431,51.5,1.0
51.6,0.995,51.6,1.0,51.6,1.0,51.6,1.0,51.6,0.9668874172185431,51.6,1.0
51.7,0.995,51.7,1.0,51.7,1.0,51.7,1.0,51.7,0.9668874172185431,51.7,1.0
51.8,0.995,51.8,1.0,51.8,1.0,51.8,1.0,51.8,0.9668874172185431,51.8,1.0
51.9,0.995,51.9,1.0,51.9,1.0,51.9,1.0,51.9,0.9668874172185431,51.9,1.0
52.0,0.995,52.0,1.0,52.0,1.0,52.0,1.0,52.0,0.9668874172185431,52.0,1.0
52.1,0.995,52.1,1.0,52.1,1.0,52.1,1.0,52.1,0.9668874172185431,52.1,1.0
52.2,0.996,52.2,1.0,52.2,1.0,52.2,1.0,52.2,0.9735099337748344,52.2,1.0
52.3,0.996,52.3,1.0,52.3,1.0,52.3,1.0,52.3,0.9735099337748344,52.3,1.0
52.4,0.996,52.4,1.0,52.4,1.0,52.4,1.0,52.4,0.9735099337748344,52.4,1.0
52.5,0.996,52.5,1.0,52.5,1.0,52.5,1.0,52.5,0.9735099337748344,52.5,1.0
52.6,0.998,52.6,1.0,52.6,1.0,52.6,1.0,52.6,0.9867549668874173,52.6,1.0
52.7,0.998,52.7,1.0,52.7,1.0,52.7,1.0,52.7,0.9867549668874173,52.7,1.0
52.8,0.998,52.8,1.0,52.8,1.0,52.8,1.0,52.8,0.9867549668874173,52.8,1.0
52.9,0.998,52.9,1.0,52.9,1.0,52.9,1.0,52.9,0.9867549668874173,52.9,1.0
53.0,0.999,53.0,1.0,53.0,1.0,53.0,1.0,53.0,0.9933774834437086,53.0,1.0
53.1,1.0,53.1,1.0,53.1,1.0,53.1,1.0,53.1,1.0,53.1,1.0
