x,total,x,squeezenetv1,x,googlenet,x,vgg19,x,yolov2,x,resnet50
1.0,0.0,1.0,0.0,1.0,0.0,1.0,0.0,1.0,0.0,1.0,0.0
1.1,0.157,1.1,0.1513157894736842,1.1,0.14814814814814814,1.1,0.1383399209486166,1.1,0.17218543046357615,1.1,0.17647058823529413
1.2,0.157,1.2,0.1513157894736842,1.2,0.14814814814814814,1.2,0.1383399209486166,1.2,0.17218543046357615,1.2,0.17647058823529413
1.3,0.158,1.3,0.1513157894736842,1.3,0.15343915343915343,1.3,0.1383399209486166,1.3,0.17218543046357615,1.3,0.17647058823529413
1.4,0.158,1.4,0.1513157894736842,1.4,0.15343915343915343,1.4,0.1383399209486166,1.4,0.17218543046357615,1.4,0.17647058823529413
1.5,0.159,1.5,0.1513157894736842,1.5,0.15343915343915343,1.5,0.1383399209486166,1.5,0.17218543046357615,1.5,0.1803921568627451
1.6,0.16,1.6,0.1513157894736842,1.6,0.15873015873015872,1.6,0.1383399209486166,1.6,0.17218543046357615,1.6,0.1803921568627451
1.7,0.162,1.7,0.15789473684210525,1.7,0.15873015873015872,1.7,0.1383399209486166,1.7,0.17880794701986755,1.7,0.1803921568627451
1.8,0.162,1.8,0.15789473684210525,1.8,0.15873015873015872,1.8,0.1383399209486166,1.8,0.17880794701986755,1.8,0.1803921568627451
1.9,0.164,1.9,0.15789473684210525,1.9,0.15873015873015872,1.9,0.1383399209486166,1.9,0.18543046357615894,1.9,0.1843137254901961
2.0,0.165,2.0,0.15789473684210525,2.0,0.15873015873015872,2.0,0.1383399209486166,2.0,0.18543046357615894,2.0,0.18823529411764706
2.1,0.167,2.1,0.16447368421052633,2.1,0.15873015873015872,2.1,0.1383399209486166,2.1,0.19205298013245034,2.1,0.18823529411764706
2.2,0.169,2.2,0.16447368421052633,2.2,0.164021164021164,2.2,0.1422924901185771,2.2,0.19205298013245034,2.2,0.18823529411764706
2.3,0.171,2.3,0.17105263157894737,2.3,0.164021164021164,2.3,0.1422924901185771,2.3,0.19205298013245034,2.3,0.19215686274509805
2.4,0.171,2.4,0.17105263157894737,2.4,0.164021164021164,2.4,0.1422924901185771,2.4,0.19205298013245034,2.4,0.19215686274509805
2.5,0.172,2.5,0.17105263157894737,2.5,0.164021164021164,2.5,0.1422924901185771,2.5,0.1986754966887417,2.5,0.19215686274509805
2.6,0.174,2.6,0.17105263157894737,2.6,0.164021164021164,2.6,0.1422924901185771,2.6,0.2052980132450331,2.6,0.19607843137254902
2.7,0.177,2.7,0.17105263157894737,2.7,0.164021164021164,2.7,0.1422924901185771,2.7,0.2119205298013245,2.7,0.20392156862745098
2.8,0.179,2.8,0.17763157894736842,2.8,0.1693121693121693,2.8,0.1422924901185771,2.8,0.2119205298013245,2.8,0.20392156862745098
2.9,0.18,2.9,0.17763157894736842,2.9,0.1693121693121693,2.9,0.1422924901185771,2.9,0.2119205298013245,2.9,0.20784313725490197
3.0,0.18,3.0,0.17763157894736842,3.0,0.1693121693121693,3.0,0.1422924901185771,3.0,0.2119205298013245,3.0,0.20784313725490197
3.1,0.181,3.1,0.17763157894736842,3.1,0.1746031746031746,3.1,0.1422924901185771,3.1,0.2119205298013245,3.1,0.20784313725490197
3.2,0.186,3.2,0.19078947368421054,3.2,0.1746031746031746,3.2,0.14624505928853754,3.2,0.2185430463576159,3.2,0.21176470588235294
3.3,0.187,3.3,0.19078947368421054,3.3,0.1746031746031746,3.3,0.14624505928853754,3.3,0.2185430463576159,3.3,0.21568627450980393
3.4,0.193,3.4,0.19078947368421054,3.4,0.18518518518518517,3.4,0.14624505928853754,3.4,0.23178807947019867,3.4,0.2235294117647059
3.5,0.197,3.5,0.20394736842105263,3.5,0.18518518518518517,3.5,0.1541501976284585,3.5,0.23178807947019867,3.5,0.2235294117647059
3.6,0.201,3.6,0.21710526315789475,3.6,0.18518518518518517,3.6,0.15810276679841898,3.6,0.23178807947019867,3.6,0.22745098039215686
3.7,0.203,3.7,0.2236842105263158,3.7,0.19047619047619047,3.7,0.15810276679841898,3.7,0.23178807947019867,3.7,0.22745098039215686
3.8,0.208,3.8,0.23026315789473684,3.8,0.19047619047619047,3.8,0.15810276679841898,3.8,0.24503311258278146,3.8,0.23529411764705882
3.9,0.211,3.9,0.23026315789473684,3.9,0.19576719576719576,3.9,0.15810276679841898,3.9,0.24503311258278146,3.9,0.24313725490196078
4.0,0.214,4.0,0.23684210526315788,4.0,0.20634920634920634,4.0,0.15810276679841898,4.0,0.24503311258278146,4.0,0.24313725490196078
4.1,0.216,4.1,0.23684210526315788,4.1,0.20634920634920634,4.1,0.15810276679841898,4.1,0.25165562913907286,4.1,0.24705882352941178
4.2,0.219,4.2,0.24342105263157895,4.2,0.20634920634920634,4.2,0.16205533596837945,4.2,0.2582781456953642,4.2,0.24705882352941178
4.3,0.224,4.3,0.24342105263157895,4.3,0.20634920634920634,4.3,0.16205533596837945,4.3,0.271523178807947,4.3,0.25882352941176473
4.4,0.229,4.4,0.24342105263157895,4.4,0.2222222222222222,4.4,0.16205533596837945,4.4,0.271523178807947,4.4,0.26666666666666666
4.5,0.232,4.5,0.24342105263157895,4.5,0.2275132275132275,4.5,0.16205533596837945,4.5,0.271523178807947,4.5,0.27450980392156865
4.6,0.235,4.6,0.2565789473684211,4.6,0.2328042328042328,4.6,0.16205533596837945,4.6,0.271523178807947,4.6,0.27450980392156865
4.7,0.239,4.7,0.2631578947368421,4.7,0.24867724867724866,4.7,0.16205533596837945,4.7,0.271523178807947,4.7,0.27450980392156865
4.8,0.242,4.8,0.26973684210526316,4.8,0.25396825396825395,4.8,0.16205533596837945,4.8,0.2781456953642384,4.8,0.27450980392156865
4.9,0.246,4.9,0.28289473684210525,4.9,0.25925925925925924,4.9,0.16205533596837945,4.9,0.2847682119205298,4.9,0.27450980392156865
5.0,0.25,5.0,0.28289473684210525,5.0,0.26455026455026454,5.0,0.16205533596837945,5.0,0.2847682119205298,5.0,0.28627450980392155
5.1,0.255,5.1,0.2894736842105263,5.1,0.2804232804232804,5.1,0.16205533596837945,5.1,0.2913907284768212,5.1,0.28627450980392155
5.2,0.259,5.2,0.3026315789473684,5.2,0.2804232804232804,5.2,0.16600790513833993,5.2,0.2980132450331126,5.2,0.28627450980392155
5.3,0.264,5.3,0.3092105263157895,5.3,0.291005291005291,5.3,0.16600790513833993,5.3,0.2980132450331126,5.3,0.29411764705882354
5.4,0.267,5.4,0.3092105263157895,5.4,0.2962962962962963,5.4,0.16600790513833993,5.4,0.31125827814569534,5.4,0.29411764705882354
5.5,0.273,5.5,0.3223684210526316,5.5,0.30158730158730157,5.5,0.16996047430830039,5.5,0.31788079470198677,5.5,0.2980392156862745
5.6,0.279,5.6,0.3355263157894737,5.6,0.30687830687830686,5.6,0.16996047430830039,5.6,0.32450331125827814,5.6,0.3058823529411765
5.7,0.284,5.7,0.34210526315789475,5.7,0.32275132275132273,5.7,0.16996047430830039,5.7,0.33112582781456956,5.7,0.3058823529411765
5.8,0.287,5.8,0.34210526315789475,5.8,0.328042328042328,5.8,0.17391304347826086,5.8,0.33112582781456956,5.8,0.30980392156862746
5.9,0.288,5.9,0.34210526315789475,5.9,0.328042328042328,5.9,0.17391304347826086,5.9,0.33774834437086093,5.9,0.30980392156862746
6.0,0.293,6.0,0.34868421052631576,6.0,0.3333333333333333,6.0,0.17786561264822134,6.0,0.3443708609271523,6.0,0.3137254901960784
6.1,0.293,6.1,0.34868421052631576,6.1,0.3333333333333333,6.1,0.17786561264822134,6.1,0.3443708609271523,6.1,0.3137254901960784
6.2,0.297,6.2,0.34868421052631576,6.2,0.3386243386243386,6.2,0.18181818181818182,6.2,0.3443708609271523,6.2,0.3215686274509804
6.3,0.302,6.3,0.35526315789473684,6.3,0.3439153439153439,6.3,0.18181818181818182,6.3,0.3443708609271523,6.3,0.3333333333333333
6.4,0.307,6.4,0.3684210526315789,6.4,0.3492063492063492,6.4,0.1857707509881423,6.4,0.3443708609271523,6.4,0.33725490196078434
6.5,0.308,6.5,0.3684210526315789,6.5,0.3492063492063492,6.5,0.1857707509881423,6.5,0.3509933774834437,6.5,0.33725490196078434
6.6,0.311,6.6,0.3684210526315789,6.6,0.3544973544973545,6.6,0.1857707509881423,6.6,0.3576158940397351,6.6,0.3411764705882353
6.7,0.313,6.7,0.3684210526315789,6.7,0.3544973544973545,6.7,0.1857707509881423,6.7,0.3576158940397351,6.7,0.34901960784313724
6.8,0.316,6.8,0.3684210526315789,6.8,0.36507936507936506,6.8,0.1857707509881423,6.8,0.3576158940397351,6.8,0.35294117647058826
6.9,0.317,6.9,0.3684210526315789,6.9,0.37037037037037035,6.9,0.1857707509881423,6.9,0.3576158940397351,6.9,0.35294117647058826
7.0,0.318,7.0,0.3684210526315789,7.0,0.37037037037037035,7.0,0.18972332015810275,7.0,0.3576158940397351,7.0,0.35294117647058826
7.1,0.321,7.1,0.3684210526315789,7.1,0.37037037037037035,7.1,0.18972332015810275,7.1,0.36423841059602646,7.1,0.3607843137254902
7.2,0.326,7.2,0.375,7.2,0.38095238095238093,7.2,0.18972332015810275,7.2,0.36423841059602646,7.2,0.3686274509803922
7.3,0.329,7.3,0.375,7.3,0.3862433862433862,7.3,0.18972332015810275,7.3,0.3708609271523179,7.3,0.37254901960784315
7.4,0.335,7.4,0.3815789473684211,7.4,0.4021164021164021,7.4,0.18972332015810275,7.4,0.3841059602649007,7.4,0.37254901960784315
7.5,0.338,7.5,0.3815789473684211,7.5,0.4126984126984127,7.5,0.18972332015810275,7.5,0.3841059602649007,7.5,0.3764705882352941
7.6,0.34,7.6,0.3815789473684211,7.6,0.4126984126984127,7.6,0.18972332015810275,7.6,0.3973509933774834,7.6,0.3764705882352941
7.7,0.345,7.7,0.40131578947368424,7.7,0.41798941798941797,7.7,0.19367588932806323,7.7,0.3973509933774834,7.7,0.3764705882352941
7.8,0.349,7.8,0.40789473684210525,7.8,0.42328042328042326,7.8,0.19367588932806323,7.8,0.40397350993377484,7.8,0.3803921568627451
7.9,0.354,7.9,0.42105263157894735,7.9,0.42857142857142855,7.9,0.1976284584980237,7.9,0.40397350993377484,7.9,0.3843137254901961
8.0,0.358,8.0,0.4342105263157895,8.0,0.42857142857142855,8.0,0.20553359683794467,8.0,0.40397350993377484,8.0,0.3843137254901961
8.1,0.361,8.1,0.4407894736842105,8.1,0.42857142857142855,8.1,0.20553359683794467,8.1,0.40397350993377484,8.1,0.39215686274509803
8.2,0.366,8.2,0.4473684210526316,8.2,0.43386243386243384,8.2,0.2134387351778656,8.2,0.4105960264900662,8.2,0.39215686274509803
8.3,0.37,8.3,0.45394736842105265,8.3,0.43915343915343913,8.3,0.22134387351778656,8.3,0.4105960264900662,8.3,0.39215686274509803
8.4,0.375,8.4,0.45394736842105265,8.4,0.4497354497354497,8.4,0.22134387351778656,8.4,0.41721854304635764,8.4,0.4
8.5,0.377,8.5,0.45394736842105265,8.5,0.4497354497354497,8.5,0.22134387351778656,8.5,0.423841059602649,8.5,0.403921568627451
8.6,0.382,8.6,0.4605263157894737,8.6,0.4656084656084656,8.6,0.22134387351778656,8.6,0.4304635761589404,8.6,0.403921568627451
8.7,0.387,8.7,0.4605263157894737,8.7,0.4708994708994709,8.7,0.22924901185770752,8.7,0.4370860927152318,8.7,0.40784313725490196
8.8,0.39,8.8,0.4605263157894737,8.8,0.4708994708994709,8.8,0.233201581027668,8.8,0.4503311258278146,8.8,0.40784313725490196
8.9,0.395,8.9,0.4605263157894737,8.9,0.4708994708994709,8.9,0.23715415019762845,8.9,0.47019867549668876,8.9,0.4117647058823529
9.0,0.397,9.0,0.46710526315789475,9.0,0.4708994708994709,9.0,0.23715415019762845,9.0,0.4768211920529801,9.0,0.4117647058823529
9.1,0.402,9.1,0.47368421052631576,9.1,0.4708994708994709,9.1,0.2450592885375494,9.1,0.48344370860927155,9.1,0.41568627450980394
9.2,0.406,9.2,0.4868421052631579,9.2,0.4708994708994709,9.2,0.2490118577075099,9.2,0.4900662251655629,9.2,0.41568627450980394
9.3,0.408,9.3,0.4868421052631579,9.3,0.47619047619047616,9.3,0.2490118577075099,9.3,0.4966887417218543,9.3,0.41568627450980394
9.4,0.413,9.4,0.4868421052631579,9.4,0.49206349206349204,9.4,0.25296442687747034,9.4,0.5033112582781457,9.4,0.41568627450980394
9.5,0.415,9.5,0.4934210526315789,9.5,0.4973544973544973,9.5,0.25296442687747034,9.5,0.5033112582781457,9.5,0.41568627450980394
9.6,0.419,9.6,0.4934210526315789,9.6,0.5079365079365079,9.6,0.25296442687747034,9.6,0.5099337748344371,9.6,0.4196078431372549
9.7,0.427,9.7,0.4934210526315789,9.7,0.5132275132275133,9.7,0.25691699604743085,9.7,0.5165562913907285,9.7,0.4392156862745098
9.8,0.43,9.8,0.506578947368421,9.8,0.5132275132275133,9.8,0.25691699604743085,9.8,0.5231788079470199,9.8,0.4392156862745098
9.9,0.433,9.9,0.506578947368421,9.9,0.5132275132275133,9.9,0.25691699604743085,9.9,0.543046357615894,9.9,0.4392156862745098
10.0,0.439,10.0,0.506578947368421,10.0,0.5185185185185185,10.0,0.2608695652173913,10.0,0.5629139072847682,10.0,0.44313725490196076
10.1,0.442,10.1,0.5131578947368421,10.1,0.5185185185185185,10.1,0.2608695652173913,10.1,0.5695364238410596,10.1,0.4470588235294118
10.2,0.445,10.2,0.5131578947368421,10.2,0.5238095238095238,10.2,0.2608695652173913,10.2,0.5761589403973509,10.2,0.45098039215686275
10.3,0.446,10.3,0.5131578947368421,10.3,0.5238095238095238,10.3,0.2608695652173913,10.3,0.5761589403973509,10.3,0.4549019607843137
10.4,0.453,10.4,0.5263157894736842,10.4,0.5291005291005291,10.4,0.2608695652173913,10.4,0.5960264900662252,10.4,0.4588235294117647
10.5,0.46,10.5,0.5394736842105263,10.5,0.5343915343915344,10.5,0.2608695652173913,10.5,0.5960264900662252,10.5,0.4745098039215686
10.6,0.463,10.6,0.5394736842105263,10.6,0.5396825396825397,10.6,0.2608695652173913,10.6,0.6026490066225165,10.6,0.47843137254901963
10.7,0.471,10.7,0.5394736842105263,10.7,0.544973544973545,10.7,0.2727272727272727,10.7,0.609271523178808,10.7,0.49019607843137253
10.8,0.479,10.8,0.5394736842105263,10.8,0.5502645502645502,10.8,0.2845849802371542,10.8,0.609271523178808,10.8,0.5058823529411764
10.9,0.487,10.9,0.5394736842105263,10.9,0.5502645502645502,10.9,0.2845849802371542,10.9,0.6357615894039735,10.9,0.5215686274509804
11.0,0.488,11.0,0.5394736842105263,11.0,0.5502645502645502,11.0,0.2885375494071146,11.0,0.6357615894039735,11.0,0.5215686274509804
11.1,0.494,11.1,0.5460526315789473,11.1,0.5502645502645502,11.1,0.30039525691699603,11.1,0.6423841059602649,11.1,0.5254901960784314
11.2,0.496,11.2,0.5526315789473685,11.2,0.5502645502645502,11.2,0.30039525691699603,11.2,0.6423841059602649,11.2,0.5294117647058824
11.3,0.498,11.3,0.5592105263157895,11.3,0.5502645502645502,11.3,0.30434782608695654,11.3,0.6423841059602649,11.3,0.5294117647058824
11.4,0.5,11.4,0.5592105263157895,11.4,0.5555555555555556,11.4,0.30434782608695654,11.4,0.6490066225165563,11.4,0.5294117647058824
11.5,0.503,11.5,0.5657894736842105,11.5,0.5661375661375662,11.5,0.30434782608695654,11.5,0.6490066225165563,11.5,0.5294117647058824
11.6,0.508,11.6,0.5789473684210527,11.6,0.5661375661375662,11.6,0.30434782608695654,11.6,0.6556291390728477,11.6,0.5372549019607843
11.7,0.51,11.7,0.5855263157894737,11.7,0.5714285714285714,11.7,0.30434782608695654,11.7,0.6556291390728477,11.7,0.5372549019607843
11.8,0.512,11.8,0.5855263157894737,11.8,0.5767195767195767,11.8,0.30434782608695654,11.8,0.6622516556291391,11.8,0.5372549019607843
11.9,0.515,11.9,0.5855263157894737,11.9,0.5873015873015873,11.9,0.30434782608695654,11.9,0.6688741721854304,11.9,0.5372549019607843
12.0,0.517,12.0,0.5921052631578947,12.0,0.5925925925925926,12.0,0.30434782608695654,12.0,0.6688741721854304,12.0,0.5372549019607843
12.1,0.522,12.1,0.6052631578947368,12.1,0.6031746031746031,12.1,0.30434782608695654,12.1,0.6688741721854304,12.1,0.5411764705882353
12.2,0.525,12.2,0.6118421052631579,12.2,0.6084656084656085,12.2,0.30434782608695654,12.2,0.6754966887417219,12.2,0.5411764705882353
12.3,0.529,12.3,0.631578947368421,12.3,0.6137566137566137,12.3,0.30434782608695654,12.3,0.6754966887417219,12.3,0.5411764705882353
12.4,0.533,12.4,0.6381578947368421,12.4,0.6243386243386243,12.4,0.30434782608695654,12.4,0.6754966887417219,12.4,0.5450980392156862
12.5,0.537,12.5,0.6447368421052632,12.5,0.6296296296296297,12.5,0.30434782608695654,12.5,0.6821192052980133,12.5,0.5490196078431373
12.6,0.539,12.6,0.6447368421052632,12.6,0.6349206349206349,12.6,0.30434782608695654,12.6,0.6821192052980133,12.6,0.5529411764705883
12.7,0.54,12.7,0.6447368421052632,12.7,0.6402116402116402,12.7,0.30434782608695654,12.7,0.6821192052980133,12.7,0.5529411764705883
12.8,0.54,12.8,0.6447368421052632,12.8,0.6402116402116402,12.8,0.30434782608695654,12.8,0.6821192052980133,12.8,0.5529411764705883
12.9,0.545,12.9,0.6447368421052632,12.9,0.6507936507936508,12.9,0.30434782608695654,12.9,0.6887417218543046,12.9,0.5607843137254902
13.0,0.547,13.0,0.6447368421052632,13.0,0.656084656084656,13.0,0.30434782608695654,13.0,0.695364238410596,13.0,0.5607843137254902
13.1,0.549,13.1,0.6513157894736842,13.1,0.656084656084656,13.1,0.30434782608695654,13.1,0.695364238410596,13.1,0.5647058823529412
13.2,0.551,13.2,0.6513157894736842,13.2,0.6613756613756614,13.2,0.30434782608695654,13.2,0.7019867549668874,13.2,0.5647058823529412
13.3,0.555,13.3,0.6578947368421053,13.3,0.671957671957672,13.3,0.30434782608695654,13.3,0.7019867549668874,13.3,0.5686274509803921
13.4,0.558,13.4,0.6578947368421053,13.4,0.6772486772486772,13.4,0.30434782608695654,13.4,0.7086092715231788,13.4,0.5725490196078431
13.5,0.559,13.5,0.6578947368421053,13.5,0.6772486772486772,13.5,0.30434782608695654,13.5,0.7152317880794702,13.5,0.5725490196078431
13.6,0.563,13.6,0.6644736842105263,13.6,0.6825396825396826,13.6,0.308300395256917,13.6,0.7218543046357616,13.6,0.5725490196078431
13.7,0.568,13.7,0.6842105263157895,13.7,0.6825396825396826,13.7,0.308300395256917,13.7,0.7284768211920529,13.7,0.5764705882352941
13.8,0.57,13.8,0.6842105263157895,13.8,0.6825396825396826,13.8,0.308300395256917,13.8,0.7350993377483444,13.8,0.5803921568627451
13.9,0.573,13.9,0.6907894736842105,13.9,0.6825396825396826,13.9,0.308300395256917,13.9,0.7483443708609272,13.9,0.5803921568627451
14.0,0.576,14.0,0.7039473684210527,14.0,0.6825396825396826,14.0,0.308300395256917,14.0,0.7483443708609272,14.0,0.5843137254901961
14.1,0.578,14.1,0.7105263157894737,14.1,0.6878306878306878,14.1,0.308300395256917,14.1,0.7483443708609272,14.1,0.5843137254901961
14.2,0.578,14.2,0.7105263157894737,14.2,0.6878306878306878,14.2,0.308300395256917,14.2,0.7483443708609272,14.2,0.5843137254901961
14.3,0.581,14.3,0.7105263157894737,14.3,0.6931216931216931,14.3,0.31225296442687744,14.3,0.7549668874172185,14.3,0.5843137254901961
14.4,0.584,14.4,0.7171052631578947,14.4,0.6984126984126984,14.4,0.31620553359683795,14.4,0.7549668874172185,14.4,0.5843137254901961
14.5,0.586,14.5,0.7171052631578947,14.5,0.7037037037037037,14.5,0.31620553359683795,14.5,0.7549668874172185,14.5,0.5882352941176471
14.6,0.59,14.6,0.7236842105263158,14.6,0.7037037037037037,14.6,0.31620553359683795,14.6,0.7748344370860927,14.6,0.5882352941176471
14.7,0.597,14.7,0.7302631578947368,14.7,0.7142857142857143,14.7,0.3201581027667984,14.7,0.7814569536423841,14.7,0.596078431372549
14.8,0.599,14.8,0.7302631578947368,14.8,0.7195767195767195,14.8,0.3201581027667984,14.8,0.7814569536423841,14.8,0.6
14.9,0.602,14.9,0.7302631578947368,14.9,0.7195767195767195,14.9,0.3241106719367589,14.9,0.7947019867549668,14.9,0.6
15.0,0.606,15.0,0.7368421052631579,15.0,0.7248677248677249,15.0,0.3241106719367589,15.0,0.7947019867549668,15.0,0.6078431372549019
15.1,0.609,15.1,0.7368421052631579,15.1,0.7248677248677249,15.1,0.3241106719367589,15.1,0.8145695364238411,15.1,0.6078431372549019
15.2,0.61,15.2,0.7368421052631579,15.2,0.7248677248677249,15.2,0.3241106719367589,15.2,0.8211920529801324,15.2,0.6078431372549019
15.3,0.611,15.3,0.743421052631579,15.3,0.7248677248677249,15.3,0.3241106719367589,15.3,0.8211920529801324,15.3,0.6078431372549019
15.4,0.615,15.4,0.743421052631579,15.4,0.7301587301587301,15.4,0.3241106719367589,15.4,0.8344370860927153,15.4,0.611764705882353
15.5,0.616,15.5,0.743421052631579,15.5,0.7354497354497355,15.5,0.3241106719367589,15.5,0.8344370860927153,15.5,0.611764705882353
15.6,0.623,15.6,0.7631578947368421,15.6,0.746031746031746,15.6,0.32806324110671936,15.6,0.8410596026490066,15.6,0.611764705882353
15.7,0.626,15.7,0.7631578947368421,15.7,0.7619047619047619,15.7,0.32806324110671936,15.7,0.8410596026490066,15.7,0.611764705882353
15.8,0.63,15.8,0.7697368421052632,15.8,0.7619047619047619,15.8,0.3359683794466403,15.8,0.8410596026490066,15.8,0.615686274509804
15.9,0.632,15.9,0.7763157894736842,15.9,0.7619047619047619,15.9,0.3359683794466403,15.9,0.847682119205298,15.9,0.615686274509804
16.0,0.635,16.0,0.7828947368421053,16.0,0.7619047619047619,16.0,0.3359683794466403,16.0,0.8543046357615894,16.0,0.6196078431372549
16.1,0.637,16.1,0.7894736842105263,16.1,0.7671957671957672,16.1,0.3359683794466403,16.1,0.8543046357615894,16.1,0.6196078431372549
16.2,0.639,16.2,0.7894736842105263,16.2,0.7724867724867724,16.2,0.33992094861660077,16.2,0.8543046357615894,16.2,0.6196078431372549
16.3,0.646,16.3,0.7894736842105263,16.3,0.783068783068783,16.3,0.3438735177865613,16.3,0.8609271523178808,16.3,0.6313725490196078
16.4,0.648,16.4,0.7894736842105263,16.4,0.783068783068783,16.4,0.3438735177865613,16.4,0.8609271523178808,16.4,0.6392156862745098
16.5,0.653,16.5,0.7894736842105263,16.5,0.7883597883597884,16.5,0.3438735177865613,16.5,0.8609271523178808,16.5,0.6549019607843137
16.6,0.657,16.6,0.7894736842105263,16.6,0.8042328042328042,16.6,0.3438735177865613,16.6,0.8609271523178808,16.6,0.6588235294117647
16.7,0.665,16.7,0.7960526315789473,16.7,0.8201058201058201,16.7,0.3438735177865613,16.7,0.8609271523178808,16.7,0.6745098039215687
16.8,0.666,16.8,0.7960526315789473,16.8,0.8253968253968254,16.8,0.3438735177865613,16.8,0.8609271523178808,16.8,0.6745098039215687
16.9,0.669,16.9,0.8092105263157895,16.9,0.8253968253968254,16.9,0.3438735177865613,16.9,0.8609271523178808,16.9,0.6784313725490196
17.0,0.671,17.0,0.8092105263157895,17.0,0.8253968253968254,17.0,0.34782608695652173,17.0,0.8609271523178808,17.0,0.6823529411764706
17.1,0.673,17.1,0.8092105263157895,17.1,0.8253968253968254,17.1,0.34782608695652173,17.1,0.8675496688741722,17.1,0.6862745098039216
17.2,0.673,17.2,0.8092105263157895,17.2,0.8253968253968254,17.2,0.34782608695652173,17.2,0.8675496688741722,17.2,0.6862745098039216
17.3,0.677,17.3,0.8092105263157895,17.3,0.8253968253968254,17.3,0.35177865612648224,17.3,0.8807947019867549,17.3,0.6901960784313725
17.4,0.678,17.4,0.8092105263157895,17.4,0.8253968253968254,17.4,0.3557312252964427,17.4,0.8807947019867549,17.4,0.6901960784313725
17.5,0.683,17.5,0.8223684210526315,17.5,0.8306878306878307,17.5,0.36363636363636365,17.5,0.8807947019867549,17.5,0.6901960784313725
17.6,0.686,17.6,0.8289473684210527,17.6,0.8359788359788359,17.6,0.36363636363636365,17.6,0.8807947019867549,17.6,0.6941176470588235
17.7,0.689,17.7,0.8289473684210527,17.7,0.8412698412698413,17.7,0.3675889328063241,17.7,0.8874172185430463,17.7,0.6941176470588235
17.8,0.691,17.8,0.8289473684210527,17.8,0.8412698412698413,17.8,0.3675889328063241,17.8,0.8874172185430463,17.8,0.7019607843137254
17.9,0.692,17.9,0.8289473684210527,17.9,0.8412698412698413,17.9,0.3675889328063241,17.9,0.8874172185430463,17.9,0.7058823529411765
18.0,0.694,18.0,0.8289473684210527,18.0,0.8412698412698413,18.0,0.37549407114624506,18.0,0.8874172185430463,18.0,0.7058823529411765
18.1,0.697,18.1,0.8355263157894737,18.1,0.8412698412698413,18.1,0.3794466403162055,18.1,0.8874172185430463,18.1,0.7098039215686275
18.2,0.699,18.2,0.8355263157894737,18.2,0.8412698412698413,18.2,0.3794466403162055,18.2,0.8874172185430463,18.2,0.7176470588235294
18.3,0.706,18.3,0.8421052631578947,18.3,0.8412698412698413,18.3,0.383399209486166,18.3,0.9006622516556292,18.3,0.7294117647058823
18.4,0.711,18.4,0.8486842105263158,18.4,0.8465608465608465,18.4,0.38735177865612647,18.4,0.9139072847682119,18.4,0.7294117647058823
18.5,0.713,18.5,0.8486842105263158,18.5,0.8465608465608465,18.5,0.38735177865612647,18.5,0.9139072847682119,18.5,0.7372549019607844
18.6,0.717,18.6,0.8486842105263158,18.6,0.8518518518518519,18.6,0.38735177865612647,18.6,0.9271523178807947,18.6,0.7411764705882353
18.7,0.721,18.7,0.8552631578947368,18.7,0.8518518518518519,18.7,0.38735177865612647,18.7,0.9403973509933775,18.7,0.7450980392156863
18.8,0.724,18.8,0.868421052631579,18.8,0.8518518518518519,18.8,0.38735177865612647,18.8,0.9403973509933775,18.8,0.7490196078431373
18.9,0.727,18.9,0.868421052631579,18.9,0.8571428571428571,18.9,0.391304347826087,18.9,0.9403973509933775,18.9,0.7529411764705882
19.0,0.728,19.0,0.868421052631579,19.0,0.8571428571428571,19.0,0.391304347826087,19.0,0.9403973509933775,19.0,0.7568627450980392
19.1,0.73,19.1,0.881578947368421,19.1,0.8571428571428571,19.1,0.391304347826087,19.1,0.9403973509933775,19.1,0.7568627450980392
19.2,0.731,19.2,0.881578947368421,19.2,0.8571428571428571,19.2,0.391304347826087,19.2,0.9403973509933775,19.2,0.7607843137254902
19.3,0.731,19.3,0.881578947368421,19.3,0.8571428571428571,19.3,0.391304347826087,19.3,0.9403973509933775,19.3,0.7607843137254902
19.4,0.731,19.4,0.881578947368421,19.4,0.8571428571428571,19.4,0.391304347826087,19.4,0.9403973509933775,19.4,0.7607843137254902
19.5,0.735,19.5,0.8881578947368421,19.5,0.8571428571428571,19.5,0.391304347826087,19.5,0.9470198675496688,19.5,0.7686274509803922
19.6,0.737,19.6,0.8881578947368421,19.6,0.8571428571428571,19.6,0.391304347826087,19.6,0.9536423841059603,19.6,0.7725490196078432
19.7,0.737,19.7,0.8881578947368421,19.7,0.8571428571428571,19.7,0.391304347826087,19.7,0.9536423841059603,19.7,0.7725490196078432
19.8,0.738,19.8,0.8881578947368421,19.8,0.8571428571428571,19.8,0.3952569169960474,19.8,0.9536423841059603,19.8,0.7725490196078432
19.9,0.74,19.9,0.8947368421052632,19.9,0.8571428571428571,19.9,0.3952569169960474,19.9,0.9536423841059603,19.9,0.7764705882352941
20.0,0.741,20.0,0.8947368421052632,20.0,0.8571428571428571,20.0,0.3952569169960474,20.0,0.9602649006622517,20.0,0.7764705882352941
20.1,0.743,20.1,0.8947368421052632,20.1,0.8624338624338624,20.1,0.39920948616600793,20.1,0.9602649006622517,20.1,0.7764705882352941
20.2,0.744,20.2,0.8947368421052632,20.2,0.8624338624338624,20.2,0.39920948616600793,20.2,0.9668874172185431,20.2,0.7764705882352941
20.3,0.745,20.3,0.9013157894736842,20.3,0.8624338624338624,20.3,0.39920948616600793,20.3,0.9668874172185431,20.3,0.7764705882352941
20.4,0.748,20.4,0.9144736842105263,20.4,0.8677248677248677,20.4,0.39920948616600793,20.4,0.9668874172185431,20.4,0.7764705882352941
20.5,0.749,20.5,0.9144736842105263,20.5,0.8677248677248677,20.5,0.39920948616600793,20.5,0.9735099337748344,20.5,0.7764705882352941
20.6,0.751,20.6,0.9144736842105263,20.6,0.873015873015873,20.6,0.4031620553359684,20.6,0.9735099337748344,20.6,0.7764705882352941
20.7,0.752,20.7,0.9210526315789473,20.7,0.873015873015873,20.7,0.4031620553359684,20.7,0.9735099337748344,20.7,0.7764705882352941
20.8,0.755,20.8,0.9276315789473685,20.8,0.873015873015873,20.8,0.4031620553359684,20.8,0.9801324503311258,20.8,0.7803921568627451
20.9,0.761,20.9,0.9473684210526315,20.9,0.8783068783068783,20.9,0.4031620553359684,20.9,0.9801324503311258,20.9,0.788235294117647
21.0,0.764,21.0,0.9539473684210527,21.0,0.8835978835978836,21.0,0.4031620553359684,21.0,0.9801324503311258,21.0,0.792156862745098
21.1,0.766,21.1,0.9539473684210527,21.1,0.8835978835978836,21.1,0.4031620553359684,21.1,0.9801324503311258,21.1,0.8
21.2,0.767,21.2,0.9539473684210527,21.2,0.8835978835978836,21.2,0.4031620553359684,21.2,0.9801324503311258,21.2,0.803921568627451
21.3,0.767,21.3,0.9539473684210527,21.3,0.8835978835978836,21.3,0.4031620553359684,21.3,0.9801324503311258,21.3,0.803921568627451
21.4,0.77,21.4,0.9539473684210527,21.4,0.8835978835978836,21.4,0.4031620553359684,21.4,0.9801324503311258,21.4,0.8156862745098039
21.5,0.771,21.5,0.9539473684210527,21.5,0.8835978835978836,21.5,0.4031620553359684,21.5,0.9867549668874173,21.5,0.8156862745098039
21.6,0.773,21.6,0.9605263157894737,21.6,0.8835978835978836,21.6,0.4031620553359684,21.6,0.9867549668874173,21.6,0.8196078431372549
21.7,0.774,21.7,0.9605263157894737,21.7,0.8888888888888888,21.7,0.4031620553359684,21.7,0.9867549668874173,21.7,0.8196078431372549
21.8,0.776,21.8,0.9605263157894737,21.8,0.8941798941798942,21.8,0.4031620553359684,21.8,0.9933774834437086,21.8,0.8196078431372549
21.9,0.777,21.9,0.9605263157894737,21.9,0.8941798941798942,21.9,0.4031620553359684,21.9,0.9933774834437086,21.9,0.8235294117647058
22.0,0.78,22.0,0.9671052631578947,22.0,0.8994708994708994,22.0,0.4031620553359684,22.0,0.9933774834437086,22.0,0.8274509803921568
22.1,0.78,22.1,0.9671052631578947,22.1,0.8994708994708994,22.1,0.4031620553359684,22.1,0.9933774834437086,22.1,0.8274509803921568
22.2,0.78,22.2,0.9671052631578947,22.2,0.8994708994708994,22.2,0.4031620553359684,22.2,0.9933774834437086,22.2,0.8274509803921568
22.3,0.781,22.3,0.9671052631578947,22.3,0.9047619047619048,22.3,0.4031620553359684,22.3,0.9933774834437086,22.3,0.8274509803921568
22.4,0.782,22.4,0.9671052631578947,22.4,0.9047619047619048,22.4,0.4031620553359684,22.4,1.0,22.4,0.8274509803921568
22.5,0.784,22.5,0.9736842105263158,22.5,0.9047619047619048,22.5,0.4031620553359684,22.5,1.0,22.5,0.8313725490196079
22.6,0.784,22.6,0.9736842105263158,22.6,0.9047619047619048,22.6,0.4031620553359684,22.6,1.0,22.6,0.8313725490196079
22.7,0.784,22.7,0.9736842105263158,22.7,0.9047619047619048,22.7,0.4031620553359684,22.7,1.0,22.7,0.8313725490196079
22.8,0.786,22.8,0.9736842105263158,22.8,0.9047619047619048,22.8,0.40711462450592883,22.8,1.0,22.8,0.8352941176470589
22.9,0.786,22.9,0.9736842105263158,22.9,0.9047619047619048,22.9,0.40711462450592883,22.9,1.0,22.9,0.8352941176470589
23.0,0.786,23.0,0.9736842105263158,23.0,0.9047619047619048,23.0,0.40711462450592883,23.0,1.0,23.0,0.8352941176470589
23.1,0.787,23.1,0.9736842105263158,23.1,0.9047619047619048,23.1,0.41106719367588934,23.1,1.0,23.1,0.8352941176470589
23.2,0.789,23.2,0.9736842105263158,23.2,0.9047619047619048,23.2,0.41106719367588934,23.2,1.0,23.2,0.8431372549019608
23.3,0.791,23.3,0.9736842105263158,23.3,0.9047619047619048,23.3,0.41106719367588934,23.3,1.0,23.3,0.8509803921568627
23.4,0.792,23.4,0.9736842105263158,23.4,0.91005291005291,23.4,0.41106719367588934,23.4,1.0,23.4,0.8509803921568627
23.5,0.796,23.5,0.9802631578947368,23.5,0.91005291005291,23.5,0.4150197628458498,23.5,1.0,23.5,0.8588235294117647
23.6,0.797,23.6,0.9802631578947368,23.6,0.91005291005291,23.6,0.4189723320158103,23.6,1.0,23.6,0.8588235294117647
23.7,0.798,23.7,0.9802631578947368,23.7,0.91005291005291,23.7,0.42292490118577075,23.7,1.0,23.7,0.8588235294117647
23.8,0.8,23.8,0.9802631578947368,23.8,0.91005291005291,23.8,0.4268774703557312,23.8,1.0,23.8,0.8627450980392157
23.9,0.803,23.9,0.9802631578947368,23.9,0.9153439153439153,23.9,0.4308300395256917,23.9,1.0,23.9,0.8666666666666667
24.0,0.804,24.0,0.9802631578947368,24.0,0.9206349206349206,24.0,0.4308300395256917,24.0,1.0,24.0,0.8666666666666667
24.1,0.804,24.1,0.9802631578947368,24.1,0.9206349206349206,24.1,0.4308300395256917,24.1,1.0,24.1,0.8666666666666667
24.2,0.807,24.2,0.9802631578947368,24.2,0.9259259259259259,24.2,0.4308300395256917,24.2,1.0,24.2,0.8745098039215686
24.3,0.809,24.3,0.9802631578947368,24.3,0.9259259259259259,24.3,0.43478260869565216,24.3,1.0,24.3,0.8784313725490196
24.4,0.81,24.4,0.9802631578947368,24.4,0.9259259259259259,24.4,0.43873517786561267,24.4,1.0,24.4,0.8784313725490196
24.5,0.811,24.5,0.9802631578947368,24.5,0.9259259259259259,24.5,0.43873517786561267,24.5,1.0,24.5,0.8823529411764706
24.6,0.813,24.6,0.9802631578947368,24.6,0.9259259259259259,24.6,0.43873517786561267,24.6,1.0,24.6,0.8901960784313725
24.7,0.815,24.7,0.9802631578947368,24.7,0.9312169312169312,24.7,0.4426877470355731,24.7,1.0,24.7,0.8901960784313725
24.8,0.815,24.8,0.9802631578947368,24.8,0.9312169312169312,24.8,0.4426877470355731,24.8,1.0,24.8,0.8901960784313725
24.9,0.816,24.9,0.9802631578947368,24.9,0.9312169312169312,24.9,0.44664031620553357,24.9,1.0,24.9,0.8901960784313725
25.0,0.817,25.0,0.9802631578947368,25.0,0.9312169312169312,25.0,0.4505928853754941,25.0,1.0,25.0,0.8901960784313725
25.1,0.819,25.1,0.9802631578947368,25.1,0.9312169312169312,25.1,0.45849802371541504,25.1,1.0,25.1,0.8901960784313725
25.2,0.82,25.2,0.9802631578947368,25.2,0.9312169312169312,25.2,0.4624505928853755,25.2,1.0,25.2,0.8901960784313725
25.3,0.821,25.3,0.9802631578947368,25.3,0.9312169312169312,25.3,0.466403162055336,25.3,1.0,25.3,0.8901960784313725
25.4,0.823,25.4,0.9802631578947368,25.4,0.9365079365079365,25.4,0.47035573122529645,25.4,1.0,25.4,0.8901960784313725
25.5,0.825,25.5,0.9802631578947368,25.5,0.9365079365079365,25.5,0.4782608695652174,25.5,1.0,25.5,0.8901960784313725
25.6,0.826,25.6,0.9868421052631579,25.6,0.9365079365079365,25.6,0.4782608695652174,25.6,1.0,25.6,0.8901960784313725
25.7,0.827,25.7,0.9868421052631579,25.7,0.9365079365079365,25.7,0.4782608695652174,25.7,1.0,25.7,0.8941176470588236
25.8,0.827,25.8,0.9868421052631579,25.8,0.9365079365079365,25.8,0.4782608695652174,25.8,1.0,25.8,0.8941176470588236
25.9,0.829,25.9,1.0,25.9,0.9365079365079365,25.9,0.4782608695652174,25.9,1.0,25.9,0.8941176470588236
26.0,0.831,26.0,1.0,26.0,0.9365079365079365,26.0,0.4782608695652174,26.0,1.0,26.0,0.9019607843137255
26.1,0.833,26.1,1.0,26.1,0.9417989417989417,26.1,0.48221343873517786,26.1,1.0,26.1,0.9019607843137255
26.2,0.833,26.2,1.0,26.2,0.9417989417989417,26.2,0.48221343873517786,26.2,1.0,26.2,0.9019607843137255
26.3,0.834,26.3,1.0,26.3,0.9417989417989417,26.3,0.48221343873517786,26.3,1.0,26.3,0.9058823529411765
26.4,0.834,26.4,1.0,26.4,0.9417989417989417,26.4,0.48221343873517786,26.4,1.0,26.4,0.9058823529411765
26.5,0.835,26.5,1.0,26.5,0.9470899470899471,26.5,0.48221343873517786,26.5,1.0,26.5,0.9058823529411765
26.6,0.835,26.6,1.0,26.6,0.9470899470899471,26.6,0.48221343873517786,26.6,1.0,26.6,0.9058823529411765
26.7,0.836,26.7,1.0,26.7,0.9470899470899471,26.7,0.48616600790513836,26.7,1.0,26.7,0.9058823529411765
26.8,0.837,26.8,1.0,26.8,0.9523809523809523,26.8,0.48616600790513836,26.8,1.0,26.8,0.9058823529411765
26.9,0.84,26.9,1.0,26.9,0.9576719576719577,26.9,0.48616600790513836,26.9,1.0,26.9,0.9137254901960784
27.0,0.842,27.0,1.0,27.0,0.9576719576719577,27.0,0.4901185770750988,27.0,1.0,27.0,0.9176470588235294
27.1,0.842,27.1,1.0,27.1,0.9576719576719577,27.1,0.4901185770750988,27.1,1.0,27.1,0.9176470588235294
27.2,0.844,27.2,1.0,27.2,0.9576719576719577,27.2,0.49407114624505927,27.2,1.0,27.2,0.9215686274509803
27.3,0.844,27.3,1.0,27.3,0.9576719576719577,27.3,0.49407114624505927,27.3,1.0,27.3,0.9215686274509803
27.4,0.845,27.4,1.0,27.4,0.9629629629629629,27.4,0.49407114624505927,27.4,1.0,27.4,0.9215686274509803
27.5,0.845,27.5,1.0,27.5,0.9629629629629629,27.5,0.49407114624505927,27.5,1.0,27.5,0.9215686274509803
27.6,0.847,27.6,1.0,27.6,0.9629629629629629,27.6,0.5019762845849802,27.6,1.0,27.6,0.9215686274509803
27.7,0.849,27.7,1.0,27.7,0.9682539682539683,27.7,0.5019762845849802,27.7,1.0,27.7,0.9254901960784314
27.8,0.851,27.8,1.0,27.8,0.9682539682539683,27.8,0.5059288537549407,27.8,1.0,27.8,0.9294117647058824
27.9,0.851,27.9,1.0,27.9,0.9682539682539683,27.9,0.5059288537549407,27.9,1.0,27.9,0.9294117647058824
28.0,0.851,28.0,1.0,28.0,0.9682539682539683,28.0,0.5059288537549407,28.0,1.0,28.0,0.9294117647058824
28.1,0.852,28.1,1.0,28.1,0.9735449735449735,28.1,0.5059288537549407,28.1,1.0,28.1,0.9294117647058824
28.2,0.852,28.2,1.0,28.2,0.9735449735449735,28.2,0.5059288537549407,28.2,1.0,28.2,0.9294117647058824
28.3,0.853,28.3,1.0,28.3,0.9788359788359788,28.3,0.5059288537549407,28.3,1.0,28.3,0.9294117647058824
28.4,0.854,28.4,1.0,28.4,0.9788359788359788,28.4,0.5059288537549407,28.4,1.0,28.4,0.9333333333333333
28.5,0.855,28.5,1.0,28.5,0.9788359788359788,28.5,0.5098814229249012,28.5,1.0,28.5,0.9333333333333333
28.6,0.856,28.6,1.0,28.6,0.9788359788359788,28.6,0.5138339920948617,28.6,1.0,28.6,0.9333333333333333
28.7,0.856,28.7,1.0,28.7,0.9788359788359788,28.7,0.5138339920948617,28.7,1.0,28.7,0.9333333333333333
28.8,0.857,28.8,1.0,28.8,0.9841269841269841,28.8,0.5138339920948617,28.8,1.0,28.8,0.9333333333333333
28.9,0.857,28.9,1.0,28.9,0.9841269841269841,28.9,0.5138339920948617,28.9,1.0,28.9,0.9333333333333333
29.0,0.857,29.0,1.0,29.0,0.9841269841269841,29.0,0.5138339920948617,29.0,1.0,29.0,0.9333333333333333
29.1,0.857,29.1,1.0,29.1,0.9841269841269841,29.1,0.5138339920948617,29.1,1.0,29.1,0.9333333333333333
29.2,0.858,29.2,1.0,29.2,0.9841269841269841,29.2,0.5138339920948617,29.2,1.0,29.2,0.9372549019607843
29.3,0.858,29.3,1.0,29.3,0.9841269841269841,29.3,0.5138339920948617,29.3,1.0,29.3,0.9372549019607843
29.4,0.858,29.4,1.0,29.4,0.9841269841269841,29.4,0.5138339920948617,29.4,1.0,29.4,0.9372549019607843
29.5,0.858,29.5,1.0,29.5,0.9841269841269841,29.5,0.5138339920948617,29.5,1.0,29.5,0.9372549019607843
29.6,0.858,29.6,1.0,29.6,0.9841269841269841,29.6,0.5138339920948617,29.6,1.0,29.6,0.9372549019607843
29.7,0.859,29.7,1.0,29.7,0.9894179894179894,29.7,0.5138339920948617,29.7,1.0,29.7,0.9372549019607843
29.8,0.86,29.8,1.0,29.8,0.9894179894179894,29.8,0.5138339920948617,29.8,1.0,29.8,0.9411764705882353
29.9,0.86,29.9,1.0,29.9,0.9894179894179894,29.9,0.5138339920948617,29.9,1.0,29.9,0.9411764705882353
30.0,0.862,30.0,1.0,30.0,0.9894179894179894,30.0,0.5217391304347826,30.0,1.0,30.0,0.9411764705882353
30.1,0.864,30.1,1.0,30.1,0.9894179894179894,30.1,0.5296442687747036,30.1,1.0,30.1,0.9411764705882353
30.2,0.864,30.2,1.0,30.2,0.9894179894179894,30.2,0.5296442687747036,30.2,1.0,30.2,0.9411764705882353
30.3,0.864,30.3,1.0,30.3,0.9894179894179894,30.3,0.5296442687747036,30.3,1.0,30.3,0.9411764705882353
30.4,0.867,30.4,1.0,30.4,0.9894179894179894,30.4,0.5375494071146245,30.4,1.0,30.4,0.9450980392156862
30.5,0.868,30.5,1.0,30.5,0.9894179894179894,30.5,0.541501976284585,30.5,1.0,30.5,0.9450980392156862
30.6,0.868,30.6,1.0,30.6,0.9894179894179894,30.6,0.541501976284585,30.6,1.0,30.6,0.9450980392156862
30.7,0.868,30.7,1.0,30.7,0.9894179894179894,30.7,0.541501976284585,30.7,1.0,30.7,0.9450980392156862
30.8,0.868,30.8,1.0,30.8,0.9894179894179894,30.8,0.541501976284585,30.8,1.0,30.8,0.9450980392156862
30.9,0.869,30.9,1.0,30.9,0.9894179894179894,30.9,0.541501976284585,30.9,1.0,30.9,0.9490196078431372
31.0,0.87,31.0,1.0,31.0,0.9894179894179894,31.0,0.541501976284585,31.0,1.0,31.0,0.9529411764705882
31.1,0.87,31.1,1.0,31.1,0.9894179894179894,31.1,0.541501976284585,31.1,1.0,31.1,0.9529411764705882
31.2,0.871,31.2,1.0,31.2,0.9894179894179894,31.2,0.541501976284585,31.2,1.0,31.2,0.9568627450980393
31.3,0.871,31.3,1.0,31.3,0.9894179894179894,31.3,0.541501976284585,31.3,1.0,31.3,0.9568627450980393
31.4,0.874,31.4,1.0,31.4,0.9894179894179894,31.4,0.5533596837944664,31.4,1.0,31.4,0.9568627450980393
31.5,0.876,31.5,1.0,31.5,0.9894179894179894,31.5,0.5573122529644269,31.5,1.0,31.5,0.9607843137254902
31.6,0.876,31.6,1.0,31.6,0.9894179894179894,31.6,0.5573122529644269,31.6,1.0,31.6,0.9607843137254902
31.7,0.88,31.7,1.0,31.7,0.9894179894179894,31.7,0.5731225296442688,31.7,1.0,31.7,0.9607843137254902
31.8,0.88,31.8,1.0,31.8,0.9894179894179894,31.8,0.5731225296442688,31.8,1.0,31.8,0.9607843137254902
31.9,0.882,31.9,1.0,31.9,0.9894179894179894,31.9,0.5810276679841897,31.9,1.0,31.9,0.9607843137254902
32.0,0.885,32.0,1.0,32.0,0.9894179894179894,32.0,0.5928853754940712,32.0,1.0,32.0,0.9607843137254902
32.1,0.885,32.1,1.0,32.1,0.9894179894179894,32.1,0.5928853754940712,32.1,1.0,32.1,0.9607843137254902
32.2,0.886,32.2,1.0,32.2,0.9894179894179894,32.2,0.5928853754940712,32.2,1.0,32.2,0.9647058823529412
32.3,0.887,32.3,1.0,32.3,0.9894179894179894,32.3,0.5928853754940712,32.3,1.0,32.3,0.9686274509803922
32.4,0.887,32.4,1.0,32.4,0.9894179894179894,32.4,0.5928853754940712,32.4,1.0,32.4,0.9686274509803922
32.5,0.888,32.5,1.0,32.5,0.9894179894179894,32.5,0.5968379446640316,32.5,1.0,32.5,0.9686274509803922
32.6,0.89,32.6,1.0,32.6,0.9894179894179894,32.6,0.6047430830039525,32.6,1.0,32.6,0.9686274509803922
32.7,0.89,32.7,1.0,32.7,0.9894179894179894,32.7,0.6047430830039525,32.7,1.0,32.7,0.9686274509803922
32.8,0.89,32.8,1.0,32.8,0.9894179894179894,32.8,0.6047430830039525,32.8,1.0,32.8,0.9686274509803922
32.9,0.89,32.9,1.0,32.9,0.9894179894179894,32.9,0.6047430830039525,32.9,1.0,32.9,0.9686274509803922
33.0,0.892,33.0,1.0,33.0,0.9894179894179894,33.0,0.6126482213438735,33.0,1.0,33.0,0.9686274509803922
33.1,0.892,33.1,1.0,33.1,0.9894179894179894,33.1,0.6126482213438735,33.1,1.0,33.1,0.9686274509803922
33.2,0.894,33.2,1.0,33.2,0.9894179894179894,33.2,0.6205533596837944,33.2,1.0,33.2,0.9686274509803922
33.3,0.894,33.3,1.0,33.3,0.9894179894179894,33.3,0.6205533596837944,33.3,1.0,33.3,0.9686274509803922
33.4,0.895,33.4,1.0,33.4,0.9894179894179894,33.4,0.6245059288537549,33.4,1.0,33.4,0.9686274509803922
33.5,0.899,33.5,1.0,33.5,0.9894179894179894,33.5,0.6363636363636364,33.5,1.0,33.5,0.9725490196078431
33.6,0.899,33.6,1.0,33.6,0.9894179894179894,33.6,0.6363636363636364,33.6,1.0,33.6,0.9725490196078431
33.7,0.899,33.7,1.0,33.7,0.9894179894179894,33.7,0.6363636363636364,33.7,1.0,33.7,0.9725490196078431
33.8,0.902,33.8,1.0,33.8,0.9894179894179894,33.8,0.6442687747035574,33.8,1.0,33.8,0.9764705882352941
33.9,0.904,33.9,1.0,33.9,0.9894179894179894,33.9,0.6521739130434783,33.9,1.0,33.9,0.9764705882352941
34.0,0.906,34.0,1.0,34.0,0.9894179894179894,34.0,0.6600790513833992,34.0,1.0,34.0,0.9764705882352941
34.1,0.907,34.1,1.0,34.1,0.9894179894179894,34.1,0.6640316205533597,34.1,1.0,34.1,0.9764705882352941
34.2,0.909,34.2,1.0,34.2,0.9894179894179894,34.2,0.6719367588932806,34.2,1.0,34.2,0.9764705882352941
34.3,0.909,34.3,1.0,34.3,0.9894179894179894,34.3,0.6719367588932806,34.3,1.0,34.3,0.9764705882352941
34.4,0.91,34.4,1.0,34.4,0.9947089947089947,34.4,0.6719367588932806,34.4,1.0,34.4,0.9764705882352941
34.5,0.911,34.5,1.0,34.5,0.9947089947089947,34.5,0.6758893280632411,34.5,1.0,34.5,0.9764705882352941
34.6,0.913,34.6,1.0,34.6,0.9947089947089947,34.6,0.6837944664031621,34.6,1.0,34.6,0.9764705882352941
34.7,0.915,34.7,1.0,34.7,0.9947089947089947,34.7,0.691699604743083,34.7,1.0,34.7,0.9764705882352941
34.8,0.915,34.8,1.0,34.8,0.9947089947089947,34.8,0.691699604743083,34.8,1.0,34.8,0.9764705882352941
34.9,0.917,34.9,1.0,34.9,0.9947089947089947,34.9,0.6996047430830039,34.9,1.0,34.9,0.9764705882352941
35.0,0.92,35.0,1.0,35.0,0.9947089947089947,35.0,0.7114624505928854,35.0,1.0,35.0,0.9764705882352941
35.1,0.92,35.1,1.0,35.1,0.9947089947089947,35.1,0.7114624505928854,35.1,1.0,35.1,0.9764705882352941
35.2,0.92,35.2,1.0,35.2,0.9947089947089947,35.2,0.7114624505928854,35.2,1.0,35.2,0.9764705882352941
35.3,0.92,35.3,1.0,35.3,0.9947089947089947,35.3,0.7114624505928854,35.3,1.0,35.3,0.9764705882352941
35.4,0.92,35.4,1.0,35.4,0.9947089947089947,35.4,0.7114624505928854,35.4,1.0,35.4,0.9764705882352941
35.5,0.92,35.5,1.0,35.5,0.9947089947089947,35.5,0.7114624505928854,35.5,1.0,35.5,0.9764705882352941
35.6,0.923,35.6,1.0,35.6,0.9947089947089947,35.6,0.7233201581027668,35.6,1.0,35.6,0.9764705882352941
35.7,0.923,35.7,1.0,35.7,0.9947089947089947,35.7,0.7233201581027668,35.7,1.0,35.7,0.9764705882352941
35.8,0.923,35.8,1.0,35.8,0.9947089947089947,35.8,0.7233201581027668,35.8,1.0,35.8,0.9764705882352941
35.9,0.924,35.9,1.0,35.9,0.9947089947089947,35.9,0.7272727272727273,35.9,1.0,35.9,0.9764705882352941
36.0,0.924,36.0,1.0,36.0,0.9947089947089947,36.0,0.7272727272727273,36.0,1.0,36.0,0.9764705882352941
36.1,0.924,36.1,1.0,36.1,0.9947089947089947,36.1,0.7272727272727273,36.1,1.0,36.1,0.9764705882352941
36.2,0.924,36.2,1.0,36.2,0.9947089947089947,36.2,0.7272727272727273,36.2,1.0,36.2,0.9764705882352941
36.3,0.925,36.3,1.0,36.3,0.9947089947089947,36.3,0.7272727272727273,36.3,1.0,36.3,0.9803921568627451
36.4,0.926,36.4,1.0,36.4,0.9947089947089947,36.4,0.7312252964426877,36.4,1.0,36.4,0.9803921568627451
36.5,0.927,36.5,1.0,36.5,0.9947089947089947,36.5,0.7351778656126482,36.5,1.0,36.5,0.9803921568627451
36.6,0.927,36.6,1.0,36.6,0.9947089947089947,36.6,0.7351778656126482,36.6,1.0,36.6,0.9803921568627451
36.7,0.927,36.7,1.0,36.7,0.9947089947089947,36.7,0.7351778656126482,36.7,1.0,36.7,0.9803921568627451
36.8,0.927,36.8,1.0,36.8,0.9947089947089947,36.8,0.7351778656126482,36.8,1.0,36.8,0.9803921568627451
36.9,0.928,36.9,1.0,36.9,0.9947089947089947,36.9,0.7391304347826086,36.9,1.0,36.9,0.9803921568627451
37.0,0.928,37.0,1.0,37.0,0.9947089947089947,37.0,0.7391304347826086,37.0,1.0,37.0,0.9803921568627451
37.1,0.928,37.1,1.0,37.1,0.9947089947089947,37.1,0.7391304347826086,37.1,1.0,37.1,0.9803921568627451
37.2,0.928,37.2,1.0,37.2,0.9947089947089947,37.2,0.7391304347826086,37.2,1.0,37.2,0.9803921568627451
37.3,0.928,37.3,1.0,37.3,0.9947089947089947,37.3,0.7391304347826086,37.3,1.0,37.3,0.9803921568627451
37.4,0.93,37.4,1.0,37.4,0.9947089947089947,37.4,0.7391304347826086,37.4,1.0,37.4,0.9882352941176471
37.5,0.93,37.5,1.0,37.5,0.9947089947089947,37.5,0.7391304347826086,37.5,1.0,37.5,0.9882352941176471
37.6,0.933,37.6,1.0,37.6,1.0,37.6,0.7470355731225297,37.6,1.0,37.6,0.9882352941176471
37.7,0.933,37.7,1.0,37.7,1.0,37.7,0.7470355731225297,37.7,1.0,37.7,0.9882352941176471
37.8,0.933,37.8,1.0,37.8,1.0,37.8,0.7470355731225297,37.8,1.0,37.8,0.9882352941176471
37.9,0.933,37.9,1.0,37.9,1.0,37.9,0.7470355731225297,37.9,1.0,37.9,0.9882352941176471
38.0,0.933,38.0,1.0,38.0,1.0,38.0,0.7470355731225297,38.0,1.0,38.0,0.9882352941176471
38.1,0.933,38.1,1.0,38.1,1.0,38.1,0.7470355731225297,38.1,1.0,38.1,0.9882352941176471
38.2,0.933,38.2,1.0,38.2,1.0,38.2,0.7470355731225297,38.2,1.0,38.2,0.9882352941176471
38.3,0.933,38.3,1.0,38.3,1.0,38.3,0.7470355731225297,38.3,1.0,38.3,0.9882352941176471
38.4,0.933,38.4,1.0,38.4,1.0,38.4,0.7470355731225297,38.4,1.0,38.4,0.9882352941176471
38.5,0.933,38.5,1.0,38.5,1.0,38.5,0.7470355731225297,38.5,1.0,38.5,0.9882352941176471
38.6,0.933,38.6,1.0,38.6,1.0,38.6,0.7470355731225297,38.6,1.0,38.6,0.9882352941176471
38.7,0.934,38.7,1.0,38.7,1.0,38.7,0.7509881422924901,38.7,1.0,38.7,0.9882352941176471
38.8,0.935,38.8,1.0,38.8,1.0,38.8,0.7509881422924901,38.8,1.0,38.8,0.9921568627450981
38.9,0.935,38.9,1.0,38.9,1.0,38.9,0.7509881422924901,38.9,1.0,38.9,0.9921568627450981
39.0,0.935,39.0,1.0,39.0,1.0,39.0,0.7509881422924901,39.0,1.0,39.0,0.9921568627450981
39.1,0.936,39.1,1.0,39.1,1.0,39.1,0.7509881422924901,39.1,1.0,39.1,0.996078431372549
39.2,0.937,39.2,1.0,39.2,1.0,39.2,0.7549407114624506,39.2,1.0,39.2,0.996078431372549
39.3,0.937,39.3,1.0,39.3,1.0,39.3,0.7549407114624506,39.3,1.0,39.3,0.996078431372549
39.4,0.938,39.4,1.0,39.4,1.0,39.4,0.758893280632411,39.4,1.0,39.4,0.996078431372549
39.5,0.938,39.5,1.0,39.5,1.0,39.5,0.758893280632411,39.5,1.0,39.5,0.996078431372549
39.6,0.938,39.6,1.0,39.6,1.0,39.6,0.758893280632411,39.6,1.0,39.6,0.996078431372549
39.7,0.938,39.7,1.0,39.7,1.0,39.7,0.758893280632411,39.7,1.0,39.7,0.996078431372549
39.8,0.939,39.8,1.0,39.8,1.0,39.8,0.7628458498023716,39.8,1.0,39.8,0.996078431372549
39.9,0.941,39.9,1.0,39.9,1.0,39.9,0.7707509881422925,39.9,1.0,39.9,0.996078431372549
40.0,0.941,40.0,1.0,40.0,1.0,40.0,0.7707509881422925,40.0,1.0,40.0,0.996078431372549
40.1,0.942,40.1,1.0,40.1,1.0,40.1,0.7707509881422925,40.1,1.0,40.1,1.0
40.2,0.944,40.2,1.0,40.2,1.0,40.2,0.7786561264822134,40.2,1.0,40.2,1.0
40.3,0.945,40.3,1.0,40.3,1.0,40.3,0.782608695652174,40.3,1.0,40.3,1.0
40.4,0.947,40.4,1.0,40.4,1.0,40.4,0.7905138339920948,40.4,1.0,40.4,1.0
40.5,0.947,40.5,1.0,40.5,1.0,40.5,0.7905138339920948,40.5,1.0,40.5,1.0
40.6,0.947,40.6,1.0,40.6,1.0,40.6,0.7905138339920948,40.6,1.0,40.6,1.0
40.7,0.948,40.7,1.0,40.7,1.0,40.7,0.7944664031620553,40.7,1.0,40.7,1.0
40.8,0.948,40.8,1.0,40.8,1.0,40.8,0.7944664031620553,40.8,1.0,40.8,1.0
40.9,0.949,40.9,1.0,40.9,1.0,40.9,0.7984189723320159,40.9,1.0,40.9,1.0
41.0,0.95,41.0,1.0,41.0,1.0,41.0,0.8023715415019763,41.0,1.0,41.0,1.0
41.1,0.951,41.1,1.0,41.1,1.0,41.1,0.8063241106719368,41.1,1.0,41.1,1.0
41.2,0.952,41.2,1.0,41.2,1.0,41.2,0.8102766798418972,41.2,1.0,41.2,1.0
41.3,0.953,41.3,1.0,41.3,1.0,41.3,0.8142292490118577,41.3,1.0,41.3,1.0
41.4,0.953,41.4,1.0,41.4,1.0,41.4,0.8142292490118577,41.4,1.0,41.4,1.0
41.5,0.954,41.5,1.0,41.5,1.0,41.5,0.8181818181818182,41.5,1.0,41.5,1.0
41.6,0.956,41.6,1.0,41.6,1.0,41.6,0.8260869565217391,41.6,1.0,41.6,1.0
41.7,0.957,41.7,1.0,41.7,1.0,41.7,0.8300395256916996,41.7,1.0,41.7,1.0
41.8,0.957,41.8,1.0,41.8,1.0,41.8,0.8300395256916996,41.8,1.0,41.8,1.0
41.9,0.957,41.9,1.0,41.9,1.0,41.9,0.8300395256916996,41.9,1.0,41.9,1.0
42.0,0.959,42.0,1.0,42.0,1.0,42.0,0.8379446640316206,42.0,1.0,42.0,1.0
42.1,0.959,42.1,1.0,42.1,1.0,42.1,0.8379446640316206,42.1,1.0,42.1,1.0
42.2,0.959,42.2,1.0,42.2,1.0,42.2,0.8379446640316206,42.2,1.0,42.2,1.0
42.3,0.96,42.3,1.0,42.3,1.0,42.3,0.841897233201581,42.3,1.0,42.3,1.0
42.4,0.961,42.4,1.0,42.4,1.0,42.4,0.8458498023715415,42.4,1.0,42.4,1.0
42.5,0.961,42.5,1.0,42.5,1.0,42.5,0.8458498023715415,42.5,1.0,42.5,1.0
42.6,0.963,42.6,1.0,42.6,1.0,42.6,0.8537549407114624,42.6,1.0,42.6,1.0
42.7,0.963,42.7,1.0,42.7,1.0,42.7,0.8537549407114624,42.7,1.0,42.7,1.0
42.8,0.964,42.8,1.0,42.8,1.0,42.8,0.857707509881423,42.8,1.0,42.8,1.0
42.9,0.964,42.9,1.0,42.9,1.0,42.9,0.857707509881423,42.9,1.0,42.9,1.0
43.0,0.965,43.0,1.0,43.0,1.0,43.0,0.8616600790513834,43.0,1.0,43.0,1.0
43.1,0.965,43.1,1.0,43.1,1.0,43.1,0.8616600790513834,43.1,1.0,43.1,1.0
43.2,0.965,43.2,1.0,43.2,1.0,43.2,0.8616600790513834,43.2,1.0,43.2,1.0
43.3,0.966,43.3,1.0,43.3,1.0,43.3,0.8656126482213439,43.3,1.0,43.3,1.0
43.4,0.966,43.4,1.0,43.4,1.0,43.4,0.8656126482213439,43.4,1.0,43.4,1.0
43.5,0.966,43.5,1.0,43.5,1.0,43.5,0.8656126482213439,43.5,1.0,43.5,1.0
43.6,0.969,43.6,1.0,43.6,1.0,43.6,0.8774703557312253,43.6,1.0,43.6,1.0
43.7,0.97,43.7,1.0,43.7,1.0,43.7,0.8814229249011858,43.7,1.0,43.7,1.0
43.8,0.97,43.8,1.0,43.8,1.0,43.8,0.8814229249011858,43.8,1.0,43.8,1.0
43.9,0.97,43.9,1.0,43.9,1.0,43.9,0.8814229249011858,43.9,1.0,43.9,1.0
44.0,0.971,44.0,1.0,44.0,1.0,44.0,0.8853754940711462,44.0,1.0,44.0,1.0
44.1,0.971,44.1,1.0,44.1,1.0,44.1,0.8853754940711462,44.1,1.0,44.1,1.0
44.2,0.972,44.2,1.0,44.2,1.0,44.2,0.8893280632411067,44.2,1.0,44.2,1.0
44.3,0.972,44.3,1.0,44.3,1.0,44.3,0.8893280632411067,44.3,1.0,44.3,1.0
44.4,0.973,44.4,1.0,44.4,1.0,44.4,0.8932806324110671,44.4,1.0,44.4,1.0
44.5,0.973,44.5,1.0,44.5,1.0,44.5,0.8932806324110671,44.5,1.0,44.5,1.0
44.6,0.975,44.6,1.0,44.6,1.0,44.6,0.9011857707509882,44.6,1.0,44.6,1.0
44.7,0.975,44.7,1.0,44.7,1.0,44.7,0.9011857707509882,44.7,1.0,44.7,1.0
44.8,0.975,44.8,1.0,44.8,1.0,44.8,0.9011857707509882,44.8,1.0,44.8,1.0
44.9,0.976,44.9,1.0,44.9,1.0,44.9,0.9051383399209486,44.9,1.0,44.9,1.0
45.0,0.977,45.0,1.0,45.0,1.0,45.0,0.9090909090909091,45.0,1.0,45.0,1.0
45.1,0.978,45.1,1.0,45.1,1.0,45.1,0.9130434782608695,45.1,1.0,45.1,1.0
45.2,0.978,45.2,1.0,45.2,1.0,45.2,0.9130434782608695,45.2,1.0,45.2,1.0
45.3,0.978,45.3,1.0,45.3,1.0,45.3,0.9130434782608695,45.3,1.0,45.3,1.0
45.4,0.978,45.4,1.0,45.4,1.0,45.4,0.9130434782608695,45.4,1.0,45.4,1.0
45.5,0.978,45.5,1.0,45.5,1.0,45.5,0.9130434782608695,45.5,1.0,45.5,1.0
45.6,0.978,45.6,1.0,45.6,1.0,45.6,0.9130434782608695,45.6,1.0,45.6,1.0
45.7,0.978,45.7,1.0,45.7,1.0,45.7,0.9130434782608695,45.7,1.0,45.7,1.0
45.8,0.979,45.8,1.0,45.8,1.0,45.8,0.9169960474308301,45.8,1.0,45.8,1.0
45.9,0.979,45.9,1.0,45.9,1.0,45.9,0.9169960474308301,45.9,1.0,45.9,1.0
46.0,0.979,46.0,1.0,46.0,1.0,46.0,0.9169960474308301,46.0,1.0,46.0,1.0
46.1,0.979,46.1,1.0,46.1,1.0,46.1,0.9169960474308301,46.1,1.0,46.1,1.0
46.2,0.979,46.2,1.0,46.2,1.0,46.2,0.9169960474308301,46.2,1.0,46.2,1.0
46.3,0.979,46.3,1.0,46.3,1.0,46.3,0.9169960474308301,46.3,1.0,46.3,1.0
46.4,0.979,46.4,1.0,46.4,1.0,46.4,0.9169960474308301,46.4,1.0,46.4,1.0
46.5,0.979,46.5,1.0,46.5,1.0,46.5,0.9169960474308301,46.5,1.0,46.5,1.0
46.6,0.979,46.6,1.0,46.6,1.0,46.6,0.9169960474308301,46.6,1.0,46.6,1.0
46.7,0.979,46.7,1.0,46.7,1.0,46.7,0.9169960474308301,46.7,1.0,46.7,1.0
46.8,0.979,46.8,1.0,46.8,1.0,46.8,0.9169960474308301,46.8,1.0,46.8,1.0
46.9,0.979,46.9,1.0,46.9,1.0,46.9,0.9169960474308301,46.9,1.0,46.9,1.0
47.0,0.98,47.0,1.0,47.0,1.0,47.0,0.9209486166007905,47.0,1.0,47.0,1.0
47.1,0.98,47.1,1.0,47.1,1.0,47.1,0.9209486166007905,47.1,1.0,47.1,1.0
47.2,0.98,47.2,1.0,47.2,1.0,47.2,0.9209486166007905,47.2,1.0,47.2,1.0
47.3,0.98,47.3,1.0,47.3,1.0,47.3,0.9209486166007905,47.3,1.0,47.3,1.0
47.4,0.98,47.4,1.0,47.4,1.0,47.4,0.9209486166007905,47.4,1.0,47.4,1.0
47.5,0.98,47.5,1.0,47.5,1.0,47.5,0.9209486166007905,47.5,1.0,47.5,1.0
47.6,0.98,47.6,1.0,47.6,1.0,47.6,0.9209486166007905,47.6,1.0,47.6,1.0
47.7,0.98,47.7,1.0,47.7,1.0,47.7,0.9209486166007905,47.7,1.0,47.7,1.0
47.8,0.98,47.8,1.0,47.8,1.0,47.8,0.9209486166007905,47.8,1.0,47.8,1.0
47.9,0.98,47.9,1.0,47.9,1.0,47.9,0.9209486166007905,47.9,1.0,47.9,1.0
48.0,0.98,48.0,1.0,48.0,1.0,48.0,0.9209486166007905,48.0,1.0,48.0,1.0
48.1,0.98,48.1,1.0,48.1,1.0,48.1,0.9209486166007905,48.1,1.0,48.1,1.0
48.2,0.981,48.2,1.0,48.2,1.0,48.2,0.924901185770751,48.2,1.0,48.2,1.0
48.3,0.981,48.3,1.0,48.3,1.0,48.3,0.924901185770751,48.3,1.0,48.3,1.0
48.4,0.981,48.4,1.0,48.4,1.0,48.4,0.924901185770751,48.4,1.0,48.4,1.0
48.5,0.981,48.5,1.0,48.5,1.0,48.5,0.924901185770751,48.5,1.0,48.5,1.0
48.6,0.982,48.6,1.0,48.6,1.0,48.6,0.9288537549407114,48.6,1.0,48.6,1.0
48.7,0.982,48.7,1.0,48.7,1.0,48.7,0.9288537549407114,48.7,1.0,48.7,1.0
48.8,0.982,48.8,1.0,48.8,1.0,48.8,0.9288537549407114,48.8,1.0,48.8,1.0
48.9,0.983,48.9,1.0,48.9,1.0,48.9,0.932806324110672,48.9,1.0,48.9,1.0
49.0,0.983,49.0,1.0,49.0,1.0,49.0,0.932806324110672,49.0,1.0,49.0,1.0
49.1,0.983,49.1,1.0,49.1,1.0,49.1,0.932806324110672,49.1,1.0,49.1,1.0
49.2,0.983,49.2,1.0,49.2,1.0,49.2,0.932806324110672,49.2,1.0,49.2,1.0
49.3,0.983,49.3,1.0,49.3,1.0,49.3,0.932806324110672,49.3,1.0,49.3,1.0
49.4,0.983,49.4,1.0,49.4,1.0,49.4,0.932806324110672,49.4,1.0,49.4,1.0
49.5,0.983,49.5,1.0,49.5,1.0,49.5,0.932806324110672,49.5,1.0,49.5,1.0
49.6,0.983,49.6,1.0,49.6,1.0,49.6,0.932806324110672,49.6,1.0,49.6,1.0
49.7,0.983,49.7,1.0,49.7,1.0,49.7,0.932806324110672,49.7,1.0,49.7,1.0
49.8,0.983,49.8,1.0,49.8,1.0,49.8,0.932806324110672,49.8,1.0,49.8,1.0
49.9,0.983,49.9,1.0,49.9,1.0,49.9,0.932806324110672,49.9,1.0,49.9,1.0
50.0,0.983,50.0,1.0,50.0,1.0,50.0,0.932806324110672,50.0,1.0,50.0,1.0
50.1,0.983,50.1,1.0,50.1,1.0,50.1,0.932806324110672,50.1,1.0,50.1,1.0
50.2,0.983,50.2,1.0,50.2,1.0,50.2,0.932806324110672,50.2,1.0,50.2,1.0
50.3,0.983,50.3,1.0,50.3,1.0,50.3,0.932806324110672,50.3,1.0,50.3,1.0
50.4,0.983,50.4,1.0,50.4,1.0,50.4,0.932806324110672,50.4,1.0,50.4,1.0
50.5,0.983,50.5,1.0,50.5,1.0,50.5,0.932806324110672,50.5,1.0,50.5,1.0
50.6,0.983,50.6,1.0,50.6,1.0,50.6,0.932806324110672,50.6,1.0,50.6,1.0
50.7,0.983,50.7,1.0,50.7,1.0,50.7,0.932806324110672,50.7,1.0,50.7,1.0
50.8,0.983,50.8,1.0,50.8,1.0,50.8,0.932806324110672,50.8,1.0,50.8,1.0
50.9,0.983,50.9,1.0,50.9,1.0,50.9,0.932806324110672,50.9,1.0,50.9,1.0
51.0,0.985,51.0,1.0,51.0,1.0,51.0,0.9407114624505929,51.0,1.0,51.0,1.0
51.1,0.987,51.1,1.0,51.1,1.0,51.1,0.9486166007905138,51.1,1.0,51.1,1.0
51.2,0.988,51.2,1.0,51.2,1.0,51.2,0.9525691699604744,51.2,1.0,51.2,1.0
51.3,0.988,51.3,1.0,51.3,1.0,51.3,0.9525691699604744,51.3,1.0,51.3,1.0
51.4,0.988,51.4,1.0,51.4,1.0,51.4,0.9525691699604744,51.4,1.0,51.4,1.0
51.5,0.988,51.5,1.0,51.5,1.0,51.5,0.9525691699604744,51.5,1.0,51.5,1.0
51.6,0.989,51.6,1.0,51.6,1.0,51.6,0.9565217391304348,51.6,1.0,51.6,1.0
51.7,0.989,51.7,1.0,51.7,1.0,51.7,0.9565217391304348,51.7,1.0,51.7,1.0
51.8,0.991,51.8,1.0,51.8,1.0,51.8,0.9644268774703557,51.8,1.0,51.8,1.0
51.9,0.991,51.9,1.0,51.9,1.0,51.9,0.9644268774703557,51.9,1.0,51.9,1.0
52.0,0.991,52.0,1.0,52.0,1.0,52.0,0.9644268774703557,52.0,1.0,52.0,1.0
52.1,0.993,52.1,1.0,52.1,1.0,52.1,0.9723320158102767,52.1,1.0,52.1,1.0
52.2,0.993,52.2,1.0,52.2,1.0,52.2,0.9723320158102767,52.2,1.0,52.2,1.0
52.3,0.993,52.3,1.0,52.3,1.0,52.3,0.9723320158102767,52.3,1.0,52.3,1.0
52.4,0.993,52.4,1.0,52.4,1.0,52.4,0.9723320158102767,52.4,1.0,52.4,1.0
52.5,0.993,52.5,1.0,52.5,1.0,52.5,0.9723320158102767,52.5,1.0,52.5,1.0
52.6,0.994,52.6,1.0,52.6,1.0,52.6,0.9762845849802372,52.6,1.0,52.6,1.0
52.7,0.995,52.7,1.0,52.7,1.0,52.7,0.9802371541501976,52.7,1.0,52.7,1.0
52.8,0.995,52.8,1.0,52.8,1.0,52.8,0.9802371541501976,52.8,1.0,52.8,1.0
52.9,0.995,52.9,1.0,52.9,1.0,52.9,0.9802371541501976,52.9,1.0,52.9,1.0
53.0,0.997,53.0,1.0,53.0,1.0,53.0,0.9881422924901185,53.0,1.0,53.0,1.0
53.1,0.997,53.1,1.0,53.1,1.0,53.1,0.9881422924901185,53.1,1.0,53.1,1.0
53.2,0.997,53.2,1.0,53.2,1.0,53.2,0.9881422924901185,53.2,1.0,53.2,1.0
53.3,0.997,53.3,1.0,53.3,1.0,53.3,0.9881422924901185,53.3,1.0,53.3,1.0
53.4,0.997,53.4,1.0,53.4,1.0,53.4,0.9881422924901185,53.4,1.0,53.4,1.0
53.5,0.997,53.5,1.0,53.5,1.0,53.5,0.9881422924901185,53.5,1.0,53.5,1.0
53.6,0.997,53.6,1.0,53.6,1.0,53.6,0.9881422924901185,53.6,1.0,53.6,1.0
53.7,0.997,53.7,1.0,53.7,1.0,53.7,0.9881422924901185,53.7,1.0,53.7,1.0
53.8,0.997,53.8,1.0,53.8,1.0,53.8,0.9881422924901185,53.8,1.0,53.8,1.0
53.9,0.997,53.9,1.0,53.9,1.0,53.9,0.9881422924901185,53.9,1.0,53.9,1.0
54.0,0.997,54.0,1.0,54.0,1.0,54.0,0.9881422924901185,54.0,1.0,54.0,1.0
54.1,0.997,54.1,1.0,54.1,1.0,54.1,0.9881422924901185,54.1,1.0,54.1,1.0
54.2,0.997,54.2,1.0,54.2,1.0,54.2,0.9881422924901185,54.2,1.0,54.2,1.0
54.3,0.997,54.3,1.0,54.3,1.0,54.3,0.9881422924901185,54.3,1.0,54.3,1.0
54.4,0.998,54.4,1.0,54.4,1.0,54.4,0.9920948616600791,54.4,1.0,54.4,1.0
54.5,0.998,54.5,1.0,54.5,1.0,54.5,0.9920948616600791,54.5,1.0,54.5,1.0
54.6,0.998,54.6,1.0,54.6,1.0,54.6,0.9920948616600791,54.6,1.0,54.6,1.0
54.7,0.998,54.7,1.0,54.7,1.0,54.7,0.9920948616600791,54.7,1.0,54.7,1.0
54.8,0.998,54.8,1.0,54.8,1.0,54.8,0.9920948616600791,54.8,1.0,54.8,1.0
54.9,0.998,54.9,1.0,54.9,1.0,54.9,0.9920948616600791,54.9,1.0,54.9,1.0
55.0,0.998,55.0,1.0,55.0,1.0,55.0,0.9920948616600791,55.0,1.0,55.0,1.0
55.1,0.998,55.1,1.0,55.1,1.0,55.1,0.9920948616600791,55.1,1.0,55.1,1.0
55.2,0.998,55.2,1.0,55.2,1.0,55.2,0.9920948616600791,55.2,1.0,55.2,1.0
55.3,0.998,55.3,1.0,55.3,1.0,55.3,0.9920948616600791,55.3,1.0,55.3,1.0
55.4,0.998,55.4,1.0,55.4,1.0,55.4,0.9920948616600791,55.4,1.0,55.4,1.0
55.5,0.998,55.5,1.0,55.5,1.0,55.5,0.9920948616600791,55.5,1.0,55.5,1.0
55.6,0.998,55.6,1.0,55.6,1.0,55.6,0.9920948616600791,55.6,1.0,55.6,1.0
55.7,0.998,55.7,1.0,55.7,1.0,55.7,0.9920948616600791,55.7,1.0,55.7,1.0
55.8,0.998,55.8,1.0,55.8,1.0,55.8,0.9920948616600791,55.8,1.0,55.8,1.0
55.9,0.998,55.9,1.0,55.9,1.0,55.9,0.9920948616600791,55.9,1.0,55.9,1.0
56.0,0.998,56.0,1.0,56.0,1.0,56.0,0.9920948616600791,56.0,1.0,56.0,1.0
56.1,0.998,56.1,1.0,56.1,1.0,56.1,0.9920948616600791,56.1,1.0,56.1,1.0
56.2,0.998,56.2,1.0,56.2,1.0,56.2,0.9920948616600791,56.2,1.0,56.2,1.0
56.3,0.998,56.3,1.0,56.3,1.0,56.3,0.9920948616600791,56.3,1.0,56.3,1.0
56.4,0.999,56.4,1.0,56.4,1.0,56.4,0.9960474308300395,56.4,1.0,56.4,1.0
56.5,0.999,56.5,1.0,56.5,1.0,56.5,0.9960474308300395,56.5,1.0,56.5,1.0
56.6,0.999,56.6,1.0,56.6,1.0,56.6,0.9960474308300395,56.6,1.0,56.6,1.0
56.7,0.999,56.7,1.0,56.7,1.0,56.7,0.9960474308300395,56.7,1.0,56.7,1.0
56.8,1.0,56.8,1.0,56.8,1.0,56.8,1.0,56.8,1.0,56.8,1.0
